"title","totalScore","reviewsCount","street","city","state","countryCode","website","phone","categories/0","categories/1","categories/2","categories/3","categories/4","categories/5","categories/6","categories/7","categories/8","categories/9","url","categoryName"
"Do Nūa - La Villa Ari","4.9","161","3rd Floor, 356 Phahonyothin Rd","Phaya Thai","Bangkok","TH","http://www.facebook.com/p/Do-N%C5%ABa-100090583812430","+66 62 546 0562","Thai restaurant",,,,,,,,,,"https://www.google.com/maps/search/?api=1&query=Do%20N%C5%ABa%20-%20La%20Villa%20Ari&query_place_id=ChIJzSGKcbqd4jARz2juHM1CBWU","Thai restaurant"
"Kinroll - Ari | กินโรล - อารีย์","4.8","397","Ari, Ari 4 Fang Nua Alley","Phaya Thai","Bangkok","TH","https://www.facebook.com/Kinroll.ari","+66 82 915 8715","Restaurant","Asian restaurant","Japanese delicatessen","Japanese restaurant","Seafood restaurant","Sushi restaurant",,,,,"https://www.google.com/maps/search/?api=1&query=Kinroll%20-%20Ari%20%7C%20%E0%B8%81%E0%B8%B4%E0%B8%99%E0%B9%82%E0%B8%A3%E0%B8%A5%20-%20%E0%B8%AD%E0%B8%B2%E0%B8%A3%E0%B8%B5%E0%B8%A2%E0%B9%8C&query_place_id=ChIJXV78UEKd4jARC52Rr3NnqBY","Restaurant"
"Brooks brunch & bar Ari","4.8","1771","18 Ari 4 Fang Nua Alley","Phaya Thai","Bangkok","TH","https://linktr.ee/brooks.brunchandbar","+66 64 936 4229","Restaurant","Brunch restaurant",,,,,,,,,"https://www.google.com/maps/search/?api=1&query=Brooks%20brunch%20%26%20bar%20Ari&query_place_id=ChIJh4PTdWyd4jARLZPuo5nt_q4","Restaurant"
"Cantina Italian Kitchen (Ari)","4.6","797","142 Rama VI Soi 30","Phaya Thai","Bangkok","TH","http://www.cantinabkk.com/","+66 2 038 5114","Italian restaurant","Restaurant","Wine bar",,,,,,,,"https://www.google.com/maps/search/?api=1&query=Cantina%20Italian%20Kitchen%20(Ari)&query_place_id=ChIJB7NJSKie4jARfoG2zttdIxU","Italian restaurant"
"Sonny Ari","4.9","1010","33 Rajakru Building 1 Floor, Phaholyothin 5 Rd","Phaya Thai","Bangkok","TH","https://www.instagram.com/sonny_.ari/","+66 98 746 7891","Restaurant",,,,,,,,,,"https://www.google.com/maps/search/?api=1&query=Sonny%20Ari&query_place_id=ChIJ4bcTtMWf4jARo1RG_OMU9dU","Restaurant"
"Madcow burger x Under Over Ari","4.8","246","In A-ONE Ari, Soi Ari 1","Phaya Thai","Bangkok","TH","https://linktr.ee/madcow.ari","+66 80 927 9098","Hamburger restaurant","Pizza restaurant",,,,,,,,,"https://www.google.com/maps/search/?api=1&query=Madcow%20burger%20x%20Under%20Over%20Ari&query_place_id=ChIJtbK7WrOd4jARTFq03G7s99k","Hamburger restaurant"
"Parma Ari","4.7","188","2 1 Ari Samphan 4 Alley","Phaya Thai","Bangkok","TH","https://www.facebook.com/Parma.Ari","+66 82 294 9292","Italian restaurant","Cocktail bar","Dessert restaurant","Takeout Restaurant","Restaurant","Wine bar",,,,,"https://www.google.com/maps/search/?api=1&query=Parma%20Ari&query_place_id=ChIJuxXFDRyf4jAROApXe-uZPCw","Italian restaurant"
"Kopihub Prime l Ari","4.8","3432","33 Soi Ari 2","Phaya Thai","Bangkok","TH","https://kopihub.co/","+66 80 992 4922","Dim sum restaurant",,,,,,,,,,"https://www.google.com/maps/search/?api=1&query=Kopihub%20Prime%20l%20Ari&query_place_id=ChIJgdqs_tuf4jARl5VCETZn0do","Dim sum restaurant"
"O’ganic Concept ARI","4.9","479","68/1 Ari Samphan 1 Alley","Phaya Thai","Bangkok","TH","http://absolute-health.org/about-us/ah-group/health-kitchen","+66 64 151 7996","Restaurant",,,,,,,,,,"https://www.google.com/maps/search/?api=1&query=O%E2%80%99ganic%20Concept%20ARI&query_place_id=ChIJ21RHAG2f4jARLB-pTpXMXh8","Restaurant"
"Sousaku Ari","4.6","1123","39 1 ซอย พหลโยธิน 7","Phaya Thai","Bangkok","TH","http://www.facebook.com/SousakuSushi","+66 88 229 3939","Japanese restaurant","Restaurant","Sushi restaurant",,,,,,,,"https://www.google.com/maps/search/?api=1&query=Sousaku%20Ari&query_place_id=ChIJs3BZdR2c4jARB8V8iANTx7o","Japanese restaurant"
"Lay Lao","4.5","2462","65 Phahon Yothin 7","Phaya Thai","Bangkok","TH","https://facebook.com/laylao.restaurant","+66 62 453 5588","Thai restaurant",,,,,,,,,,"https://www.google.com/maps/search/?api=1&query=Lay%20Lao&query_place_id=ChIJ44AEpx2c4jARZKaM12f1HQI","Thai restaurant"
"Fishmonger Ari","4.4","1026","10, 6 Ari 4 Alley","Phaya Thai","Bangkok","TH","https://www.facebook.com/profile.php?id=100077382399717","+66 92 956 1905","Restaurant",,,,,,,,,,"https://www.google.com/maps/search/?api=1&query=Fishmonger%20Ari&query_place_id=ChIJi9oe0BSd4jARrjC1zDGgfb4","Restaurant"
"Baan Pueng Chom","4.2","1635","38 Phahon Yothin 7","Phaya Thai","Bangkok","TH","https://www.wongnai.com/restaurants/2458pa-%E0%B8%9A%E0%B9%89%E0%B8%B2%E0%B8%99%E0%B8%9E%E0%B8%B6%E0%B8%87%E0%B8%8A%E0%B8%A1","+66 2 279 4204","Thai restaurant",,,,,,,,,,"https://www.google.com/maps/search/?api=1&query=Baan%20Pueng%20Chom&query_place_id=ChIJDeDuUByc4jARIqwSs_XcM2M","Thai restaurant"
"Kenny's BKK - Ari","4.7","1240","12, 5 Phahonyothin Rd","Phaya Thai","Bangkok","TH","http://kennysbkk.com/","+66 90 995 2040","Restaurant","Pizza restaurant",,,,,,,,,"https://www.google.com/maps/search/?api=1&query=Kenny's%20BKK%20-%20Ari&query_place_id=ChIJNaJEbf-d4jARFkiVhqDL0zY","Restaurant"
"Ongtong Khaosoi Ari Branch","4.3","1861","31 Phahonyothin Soi 7","Phaya Thai","Bangkok","TH",,"+66 2 003 5254","Thai restaurant",,,,,,,,,,"https://www.google.com/maps/search/?api=1&query=Ongtong%20Khaosoi%20Ari%20Branch&query_place_id=ChIJT2m3lx2c4jARfziuf8CSZBY","Thai restaurant"
"Sawasdee Banh Mi Centric Ari","4.8","116","27 Phahon Yotin 5","Phaya Thai","Bangkok","TH",,"+66 88 941 7888","Vietnamese restaurant",,,,,,,,,,"https://www.google.com/maps/search/?api=1&query=Sawasdee%20Banh%20Mi%20Centric%20Ari&query_place_id=ChIJR8biX5Cf4jARnPCLAi6KdKo","Vietnamese restaurant"
"Khun Ake Mam Ari Pad Thai","5","56","1, 4 Phahon Yothin 7","Phaya Thai","Bangkok","TH",,"+66 61 496 1027","Thai restaurant",,,,,,,,,,"https://www.google.com/maps/search/?api=1&query=Khun%20Ake%20Mam%20Ari%20Pad%20Thai&query_place_id=ChIJ2RWf5_ad4jARIsr_mSJ0-Wg","Thai restaurant"
"Yellow Lane","4.5","861","2, 92 Soi Phahon Yothin 5","Phaya Thai","Bangkok","TH","https://www.facebook.com/yellowlaneari","+66 65 123 8378","Restaurant",,,,,,,,,,"https://www.google.com/maps/search/?api=1&query=Yellow%20Lane&query_place_id=ChIJB82DFaaf4jARGv7WC1LFFkw","Restaurant"
"Beef Stew Ari","4.6","174","2 32 Phahon Yothin 7","Phaya Thai","Bangkok","TH",,"+66 97 226 3591","Restaurant",,,,,,,,,,"https://www.google.com/maps/search/?api=1&query=Beef%20Stew%20Ari&query_place_id=ChIJH0lqV0ed4jARJVpxbX8z1rc","Restaurant"
"Senryoku curry rice เซนเรียวคุ ข้าวแกงกะหรี่จัดเต็ม","4.6","638","71, 10 Phahon Yothin 7","Phaya Thai","Bangkok","TH",,"+66 99 357 3456","Japanese curry restaurant",,,,,,,,,,"https://www.google.com/maps/search/?api=1&query=Senryoku%20curry%20rice%20%E0%B9%80%E0%B8%8B%E0%B8%99%E0%B9%80%E0%B8%A3%E0%B8%B5%E0%B8%A2%E0%B8%A7%E0%B8%84%E0%B8%B8%20%E0%B8%82%E0%B9%89%E0%B8%B2%E0%B8%A7%E0%B9%81%E0%B8%81%E0%B8%87%E0%B8%81%E0%B8%B0%E0%B8%AB%E0%B8%A3%E0%B8%B5%E0%B9%88%E0%B8%88%E0%B8%B1%E0%B8%94%E0%B9%80%E0%B8%95%E0%B9%87%E0%B8%A1&query_place_id=ChIJJWC7CCGd4jAR7PVdZj3bNKU","Japanese curry restaurant"
"โค-ร-ต KORATA (Siam Square)","4.9","2554","Siam Square Soi 3","Pathum Wan","Bangkok","TH","https://openlink.co/korata_th","+66 2 001 3746","Thai restaurant","Restaurant",,,,,,,,,"https://www.google.com/maps/search/?api=1&query=%E0%B9%82%E0%B8%84-%E0%B8%A3-%E0%B8%95%20KORATA%20(Siam%20Square)&query_place_id=ChIJ0xYxXwCf4jARPtJNOp_WXm8","Thai restaurant"
"Tiew Copper Craft","4.8","1011","991 Siam Paragon, Floor 5 (Nextopia Zone, Rama I Rd","Pathum Wan","Bangkok","TH","https://www.facebook.com/tiewcoppercraft","+66 82 172 8988","Restaurant",,,,,,,,,,"https://www.google.com/maps/search/?api=1&query=Tiew%20Copper%20Craft&query_place_id=ChIJUW9ZLCef4jARXoS_VGRhZjg","Restaurant"
"Jim Thompson, A Thai Restaurant","4.8","3646","6/1,6, 2 Kasem San 2 Alley","Pathum Wan","Bangkok","TH","https://jimthompsonrestaurant.com/restaurant/a-thai-restaurant/","+66 61 421 8951","Thai restaurant","Asian restaurant","Cocktail bar","Event venue","Fine dining restaurant","Restaurant",,,,,"https://www.google.com/maps/search/?api=1&query=Jim%20Thompson%2C%20A%20Thai%20Restaurant&query_place_id=ChIJKVqr3I6Z4jARPi6t_zvvL1A","Thai restaurant"
"Sra Bua by Kiin Kiin","4.7","1081","991/9, Siam Kempinski Hotel, Rama I Rd","Pathum Wan","Bangkok","TH","https://www.kempinski.com/en/siam-hotel/restaurants-bars/sra-bua-by-kiin-kiin?utm_medium=organic&utm_source=google&utm_campaign=KIBKK1&utm_content=gmb&source=S308962248","+66 2 162 9000","Thai restaurant","Diner","Fine dining restaurant","Lunch restaurant",,,,,,,"https://www.google.com/maps/search/?api=1&query=Sra%20Bua%20by%20Kiin%20Kiin&query_place_id=ChIJIdQ-0s2e4jAREzCRlcXp3qc","Thai restaurant"
"TAAN Bangkok - Thai Fine Dining Restaurant","4.6","343","25th Fl, Siam@Siam Design Hotel Bangkok, 865 Rama I Rd","Pathum Wan","Bangkok","TH","http://www.taanbangkok.com/?utm_content_GMB","+66 65 328 7374","Thai restaurant","Fine dining restaurant",,,,,,,,,"https://www.google.com/maps/search/?api=1&query=TAAN%20Bangkok%20-%20Thai%20Fine%20Dining%20Restaurant&query_place_id=ChIJbV7JakqZ4jARz5eeuH1tuxE","Thai restaurant"
"White Flower Factory - ครัวดอกไม้ขาว","4.6","1521","Unit #SS 4009, 388 Rama I Rd","Pathum Wan","Bangkok","TH","https://lin.ee/apXJZm3","+66 99 002 0897","Thai restaurant","Bakery","Dessert shop","Fusion restaurant",,,,,,,"https://www.google.com/maps/search/?api=1&query=White%20Flower%20Factory%20-%20%E0%B8%84%E0%B8%A3%E0%B8%B1%E0%B8%A7%E0%B8%94%E0%B8%AD%E0%B8%81%E0%B9%84%E0%B8%A1%E0%B9%89%E0%B8%82%E0%B8%B2%E0%B8%A7&query_place_id=ChIJ937RdtKe4jARPRuzBAQLNxc","Thai restaurant"
"Pizzeria Da Michele Bangkok","4.7","1018","SIAM PARAGON MALL, Level 5 - Nextopia Zone, 991 Rama I Rd","Pathum Wan","Bangkok","TH","https://www.damichelebkk.co.th/","+66 81 849 4620","Italian restaurant","Cocktail bar","Ice cream shop","Pizza restaurant","Wine bar",,,,,,"https://www.google.com/maps/search/?api=1&query=Pizzeria%20Da%20Michele%20Bangkok&query_place_id=ChIJqY_zAACf4jAR531b-mrezXs","Italian restaurant"
"ร้านต้นโอ๊ก Tonoak-Restaurant","4.5","306","432/5 Siam Square 9 Alley","Pathum Wan","Bangkok","TH","https://linktr.ee/tonoakrestaurant","+66 97 241 0651","Thai restaurant","Restaurant",,,,,,,,,"https://www.google.com/maps/search/?api=1&query=%E0%B8%A3%E0%B9%89%E0%B8%B2%E0%B8%99%E0%B8%95%E0%B9%89%E0%B8%99%E0%B9%82%E0%B8%AD%E0%B9%8A%E0%B8%81%20Tonoak-Restaurant&query_place_id=ChIJmRfAQNKe4jARRomB784P5g0","Thai restaurant"
"Jaguemsong Siam Square One","4.9","3473","388 ชั้น 5 ห้องเลขที่ ss5016 อาคารสยามสแควร์วัน, ิ","Pathum Wan","Bangkok","TH","https://www.facebook.com/jaguemsong?rdid=VbBmB5fF5zyWbvhL&share_url=https%3A%2F%2Fwww.facebook.com%2Fshare%2F17X7ZspykB%2F#","+66 66 156 4426","Korean restaurant","Wok restaurant",,,,,,,,,"https://www.google.com/maps/search/?api=1&query=Jaguemsong%20Siam%20Square%20One&query_place_id=ChIJI9ZH5vGf4jAR4EfOG4k_M8c","Korean restaurant"
"Katsuya Siam square one","4.9","1060","Rama I Rd, Unit #MS 1042","Pathum Wan","Bangkok","TH","https://www.facebook.com/KatsuyaThailand","","Tonkatsu restaurant",,,,,,,,,,"https://www.google.com/maps/search/?api=1&query=Katsuya%20Siam%20square%20one&query_place_id=ChIJ2UNxXSKf4jARtP2IftNYDrU","Tonkatsu restaurant"
"Piranya@Siam","4.8","1463","430/27 สยามสแควร์ ซอย 9 Rama I Rd","Pathum Wan","Bangkok","TH","https://www.facebook.com/piranyasiam","+66 2 252 7195","Thai restaurant","Noodle shop",,,,,,,,,"https://www.google.com/maps/search/?api=1&query=Piranya%40Siam&query_place_id=ChIJgX7MQtKe4jARWUtEd9dE3zs","Thai restaurant"
"BORNGA Siam Discovery","4.8","1301","เลขที่ 989 อาคาร, Siam Discovery, ชั้นที่ 3 ห้องเลขที่ 310","Pathum Wan","Bangkok","TH","https://www.facebook.com/BorngaTH/","+66 81 149 1169","Restaurant","Korean restaurant",,,,,,,,,"https://www.google.com/maps/search/?api=1&query=BORNGA%20Siam%20Discovery&query_place_id=ChIJc2-2cwCf4jARvP7wchxNwT8","Restaurant"
"EASY! buddy Siam Center","4.7","825","Siam Centre, 2nd Floor, 979 Rama I Rd","Pathum Wan","Bangkok","TH","https://www.instagram.com/easybuddybkk/","+66 2 129 6920","Restaurant",,,,,,,,,,"https://www.google.com/maps/search/?api=1&query=EASY!%20buddy%20Siam%20Center&query_place_id=ChIJ32UB3HKf4jARiuAr1TeJxf8","Restaurant"
"SOMA Bangkok","4.6","274","Siam Patumwan House, 414 Phayathai Road Wang Mai Sub District","Pathum Wan","Bangkok","TH","http://somabangkok.com/?utm_content_GMB","+66 95 372 2644","Thai restaurant",,,,,,,,,,"https://www.google.com/maps/search/?api=1&query=SOMA%20Bangkok&query_place_id=ChIJ1crUqJif4jARpt1VjPzcAs8","Thai restaurant"
"Have A Zeed - Siam Discovery","4.8","211","989 ชั้น 3 ห้องเลขที่ 307/2, Rama I Rd","Pathum Wan","Bangkok","TH","https://web.facebook.com/haveazeed","+66 2 120 6483","Thai restaurant",,,,,,,,,,"https://www.google.com/maps/search/?api=1&query=Have%20A%20Zeed%20-%20Siam%20Discovery&query_place_id=ChIJG-RTCIKf4jARlHGTRG22Xzs","Thai restaurant"
"Smith & Co. (Siam Paragon)","4.7","389","Siam Paragon, 911 Rama I Rd","Pathum Wan","Bangkok","TH","https://www.facebook.com/smithandcobangkok","+66 80 261 5242","Restaurant",,,,,,,,,,"https://www.google.com/maps/search/?api=1&query=Smith%20%26%20Co.%20(Siam%20Paragon)&query_place_id=ChIJpWDvUBKf4jAR6rDDq6zp8mw","Restaurant"
"Gourmet Bar","4.8","418","Fl 1, Novotel Bangkok on Siam Square, 392/44 Siam Square Soi 6","Pathum Wan","Bangkok","TH","https://www.novotelbkk.com/bars-restaurants/gourmetbar/?utm_source=google+Maps&utm_medium=seo+maps&utm_campaign=seo+maps","+66 2 209 8888","Restaurant","Bar",,,,,,,,,"https://www.google.com/maps/search/?api=1&query=Gourmet%20Bar&query_place_id=ChIJxWkSAtKe4jARzXhzk2VYrZ4","Restaurant"
"ข้าวโซอิ KHAO-SO-i Siam Paragon","4.8","1760","G Floor, Siam Paragon, Rama I Rd","Pathum Wan","Bangkok","TH","https://www.facebook.com/khao.so.i.group","+66 80 073 0238","Restaurant",,,,,,,,,,"https://www.google.com/maps/search/?api=1&query=%E0%B8%82%E0%B9%89%E0%B8%B2%E0%B8%A7%E0%B9%82%E0%B8%8B%E0%B8%AD%E0%B8%B4%20KHAO-SO-i%20Siam%20Paragon&query_place_id=ChIJcdirPxmf4jARag_4rNCeT58","Restaurant"
"Peppery Thai Bistro (Siam Paragon)","4.5","963","G Floor, Siam Paragon Mall","Pathum Wan","Bangkok","TH","http://www.pepperythaibistro.com/","+66 91 440 7586","Thai restaurant",,,,,,,,,,"https://www.google.com/maps/search/?api=1&query=Peppery%20Thai%20Bistro%20(Siam%20Paragon)&query_place_id=ChIJocsm782e4jARRJdaSjE2dZo","Thai restaurant"
"Bianca Italian Restaurant (Siam Paragon)","4.8","358","G Floor, Siam Paragon, 991 Rama I Rd","Pathum Wan","Bangkok","TH","https://www.sevenrooms.com/explore/biancaitalian/reservations/create/search/?venues=biancaonebangkok%2CbiancaItalianrestaurant%2Cbiancasiamparagon%2Cbiancaiconsiam","+66 80 005 6682","Restaurant",,,,,,,,,,"https://www.google.com/maps/search/?api=1&query=Bianca%20Italian%20Restaurant%20(Siam%20Paragon)&query_place_id=ChIJvxLSuZCf4jARnUAlEFeCi7c","Restaurant"
"Krua Jiang Mai","4.8","2766","125 24 Thong Lo","Watthana","Bangkok","TH",,"+66 99 196 2464","Thai restaurant","Restaurant",,,,,,,,,"https://www.google.com/maps/search/?api=1&query=Krua%20Jiang%20Mai&query_place_id=ChIJh7s6GVOe4jAReTmapQOwBQ0","Thai restaurant"
"Fuego","4.8","625","ตึก The Taste Thonglor ชั้น 2 Thong Lo","Watthana","Bangkok","TH","https://www.fuegobangkok.com/","+66 64 453 5621","Restaurant",,,,,,,,,,"https://www.google.com/maps/search/?api=1&query=Fuego&query_place_id=ChIJN7fHY7Gf4jAR8jjTD8UA81k","Restaurant"
"Supanniga Eating Room by Khun Yai","4.4","1730","160/11 Thong Lo","Watthana","Bangkok","TH","http://www.supannigaeatingroom.com/","+66 91 774 9808","Thai restaurant","Brunch restaurant","Cocktail bar","Restaurant","Wine bar",,,,,,"https://www.google.com/maps/search/?api=1&query=Supanniga%20Eating%20Room%20by%20Khun%20Yai&query_place_id=ChIJYSgxk6yf4jAROxN8pCQzqJA","Thai restaurant"
"BARTELS Thonglor - Sourdough Sandwiches, Coffee & Juicery","4.7","1012","Market Place, 323 Thong Lo","Watthana","Bangkok","TH","https://bartelsthailand.com/","+66 61 710 8448","Brunch restaurant","Cafe","Western restaurant",,,,,,,,"https://www.google.com/maps/search/?api=1&query=BARTELS%20Thonglor%20-%20Sourdough%20Sandwiches%2C%20Coffee%20%26%20Juicery&query_place_id=ChIJRYG-ZEmf4jARsi5wK97SIJU","Brunch restaurant"
"Lucca Thonglor – Mediterranean Restaurant, Rooftop & All-Day Brunch","4.9","841","Thonglor, 125/26 Thong Lo","Watthana","Bangkok","TH","https://lucca.co.th/visit","+66 65 594 9454","Restaurant","Brunch restaurant","Mediterranean restaurant",,,,,,,,"https://www.google.com/maps/search/?api=1&query=Lucca%20Thonglor%20%E2%80%93%20Mediterranean%20Restaurant%2C%20Rooftop%20%26%20All-Day%20Brunch&query_place_id=ChIJbx8TnXKf4jARvOgGrfi8gCQ","Restaurant"
"Breakfast Story Thonglor","4.7","588","154 Thong Lo","Watthana","Bangkok","TH","https://www.breakfaststorybkk.com/","+66 2 121 7677","Restaurant","American restaurant","Breakfast restaurant","Cafe","Canadian restaurant","Coffee shop",,,,,"https://www.google.com/maps/search/?api=1&query=Breakfast%20Story%20Thonglor&query_place_id=ChIJa5vc1pSf4jARnkGCYRYBpE8","Restaurant"
"Di Vino Bangkok | Italian Restaurant Thonglor","4.7","384","Penny’s Balcony, Thong Lo","Watthana","Bangkok","TH","https://www.divinobangkok.com/","+66 2 714 8723","Italian restaurant","Restaurant","Wine bar","Wine store",,,,,,,"https://www.google.com/maps/search/?api=1&query=Di%20Vino%20Bangkok%20%7C%20Italian%20Restaurant%20Thonglor&query_place_id=ChIJi7QNHVOe4jARgyB05vA6Gk4","Italian restaurant"
"Baan Ice","4.6","2006","115 Thong Lo","Watthana","Bangkok","TH","https://www.baanice.com/","+66 64 450 9502","Thai restaurant","Restaurant",,,,,,,,,"https://www.google.com/maps/search/?api=1&query=Baan%20Ice&query_place_id=ChIJKaihd6yf4jARJboSwdnH7sw","Thai restaurant"
"GaGa Udon House @Thonglor","4.8","1345","No. 90 Building, 1st Floor, Fifty Fifth Thonglor Thonglor, Napha Sap Alley, Lane 2","Watthana","Bangkok","TH","http://gagaudon.com/","+66 63 335 5304","Udon noodle restaurant","Buffet restaurant","Tempura restaurant",,,,,,,,"https://www.google.com/maps/search/?api=1&query=GaGa%20Udon%20House%20%40Thonglor&query_place_id=ChIJ-9VINeef4jARrEtHnUew4MY","Udon noodle restaurant"
"KhuaKling PakSod Thong Lo","4.5","1510","98/1 Pai Di Ma Di Klang Alley","Watthana","Bangkok","TH","http://khuaklingpaksod.com/","+66 86 053 7779","Thai restaurant","Restaurant",,,,,,,,,"https://www.google.com/maps/search/?api=1&query=KhuaKling%20PakSod%20Thong%20Lo&query_place_id=ChIJe26gkKuf4jARIiXTKzB4REo","Thai restaurant"
"Another Round","4.8","431","Thong Lo","Watthana","Bangkok","TH",,"+66 82 441 5366","Restaurant","Musical club","Bar",,,,,,,,"https://www.google.com/maps/search/?api=1&query=Another%20Round&query_place_id=ChIJD75XDlKf4jARvAglbw_g6UU","Restaurant"
"Ombra Modern Tavern @Seenspace","4.9","244","251/1 Thong Lo 13 Alley","Watthana","Bangkok","TH","https://www.veneziaseenspace.com/italian-restaurant","+66 64 790 7343","Wine bar","Bar","Italian restaurant",,,,,,,,"https://www.google.com/maps/search/?api=1&query=Ombra%20Modern%20Tavern%20%40Seenspace&query_place_id=ChIJBesWKrCf4jARCG6Ux9nd1HM","Wine bar"
"BABA (बाबा) @Marché Thonglor","4.8","339","ZONE C / M FLOOR, 150 Thong Lo","Watthana","Bangkok","TH",,"+66 82 854 5826","Indian restaurant",,,,,,,,,,"https://www.google.com/maps/search/?api=1&query=BABA%20(%E0%A4%AC%E0%A4%BE%E0%A4%AC%E0%A4%BE)%20%40March%C3%A9%20Thonglor&query_place_id=ChIJifNLs1Of4jAR3H6h56ZMF-E","Indian restaurant"
"You&I Premium Suki Buffet Marché Thonglor 2nd Floor","4.8","583","150 - 150/9","Watthana","Bangkok","TH","https://youandisuki.foodie-delivery.com/#/home","+66 94 232 0555","Buffet restaurant",,,,,,,,,,"https://www.google.com/maps/search/?api=1&query=You%26I%20Premium%20Suki%20Buffet%20March%C3%A9%20Thonglor%202nd%20Floor&query_place_id=ChIJxXLrTF2f4jARQ5rNYsm0jvc","Buffet restaurant"
"Hinoya Curry Thonglor | ฮิโนยะ เคอรี่ ทองหล่อ","4.9","96","64 Thong Lo","Watthana","Bangkok","TH","https://www.hinoyathailand.com/","+66 93 395 8989","Restaurant","Family restaurant","Japanese curry restaurant","Japanese restaurant",,,,,,,"https://www.google.com/maps/search/?api=1&query=Hinoya%20Curry%20Thonglor%20%7C%20%E0%B8%AE%E0%B8%B4%E0%B9%82%E0%B8%99%E0%B8%A2%E0%B8%B0%20%E0%B9%80%E0%B8%84%E0%B8%AD%E0%B8%A3%E0%B8%B5%E0%B9%88%20%E0%B8%97%E0%B8%AD%E0%B8%87%E0%B8%AB%E0%B8%A5%E0%B9%88%E0%B8%AD&query_place_id=ChIJe5mgdwqf4jARKw51uAvzOK4","Restaurant"
"Shoutaian 2nd Rich","4.8","751","161/23, 9 Thong Lo","Watthana","Bangkok","TH",,"+66 93 584 4129","Yakiniku restaurant","Barbecue restaurant","Restaurant",,,,,,,,"https://www.google.com/maps/search/?api=1&query=Shoutaian%202nd%20Rich&query_place_id=ChIJmxoVfeOf4jARVWb_p58uYmA","Yakiniku restaurant"
"Xôi","4.7","66","2nd Floor, Market Place Thonglor, 323 Thong Lo","Watthana","Bangkok","TH",,"+66 63 904 9864","Vietnamese restaurant",,,,,,,,,,"https://www.google.com/maps/search/?api=1&query=X%C3%B4i&query_place_id=ChIJn7z6x9yd4jARvWWlYaD44SQ","Vietnamese restaurant"
"Terra Thonglor","4.8","1103","111/4 Ekkamai Rd","Watthana","Bangkok","TH","https://instagram.com/terra.bangkok?igshid=MzRlODBiNWFlZA==","+66 98 027 9514","Japanese restaurant","Authentic Japanese restaurant","Izakaya restaurant","Modern izakaya restaurant","Restaurant",,,,,,"https://www.google.com/maps/search/?api=1&query=Terra%20Thonglor&query_place_id=ChIJD-BXBI6f4jARI65_08-WeVQ","Japanese restaurant"
"키아니 한식당 통로 본점 Kiani Korean Restaurant Thonglor ร้านอาหารเกาหลี 韩国餐厅 Thonglor","4.8","1266","90 Fifty fifth Thonglor Building Thong Lo","Watthana","Bangkok","TH","http://www.facebook.com/kianikorea","+66 84 220 8282","Korean restaurant","Restaurant","Vegan restaurant",,,,,,,,"https://www.google.com/maps/search/?api=1&query=%ED%82%A4%EC%95%84%EB%8B%88%20%ED%95%9C%EC%8B%9D%EB%8B%B9%20%ED%86%B5%EB%A1%9C%20%EB%B3%B8%EC%A0%90%20Kiani%20Korean%20Restaurant%20Thonglor%20%E0%B8%A3%E0%B9%89%E0%B8%B2%E0%B8%99%E0%B8%AD%E0%B8%B2%E0%B8%AB%E0%B8%B2%E0%B8%A3%E0%B9%80%E0%B8%81%E0%B8%B2%E0%B8%AB%E0%B8%A5%E0%B8%B5%20%E9%9F%A9%E5%9B%BD%E9%A4%90%E5%8E%85%20Thonglor&query_place_id=ChIJx6JXUqmf4jAR6tmg4xV65_A","Korean restaurant"
"The Bar Italian Thonglor","4.7","496","36/1 1Fl, Soi Promphak","Watthana","Bangkok","TH","https://www.theba-ruitalian.com/","+66 81 414 0982","Italian restaurant",,,,,,,,,,"https://www.google.com/maps/search/?api=1&query=The%20Bar%20Italian%20Thonglor&query_place_id=ChIJL2QZHFSe4jARiJ3bfNaDY4Q","Italian restaurant"
"Gigi Eatery Asoke","4.8","3385","28 Soi Sukhumvit 19","Watthana","Bangkok","TH","http://gigibangkok.com/gigi-eatery-asoke/","+66 61 995 6060","Italian restaurant",,,,,,,,,,"https://www.google.com/maps/search/?api=1&query=Gigi%20Eatery%20Asoke&query_place_id=ChIJw5WEJoqf4jARFC4PiDtFCzc","Italian restaurant"
"Nara Thai Cuisine Terminal 21 Asoke","4.7","1136","Rm. 3054-55, Fl.3 Terminal 21, 88 Soi Sukhumvit 19","Watthana","Bangkok","TH","https://naracuisine.com/","+66 2 004 2565","Thai restaurant",,,,,,,,,,"https://www.google.com/maps/search/?api=1&query=Nara%20Thai%20Cuisine%20Terminal%2021%20Asoke&query_place_id=ChIJ5UUPyu6f4jARzil2TMt0IZg","Thai restaurant"
"Sunrise Tacos MEXICAN GRILL","4.7","5006","88 Soi Sukhumvit 19","Thawi Watthana","Bangkok","TH","https://www.sunrisetacos.com/","+66 90 210 5940","Mexican restaurant",,,,,,,,,,"https://www.google.com/maps/search/?api=1&query=Sunrise%20Tacos%20MEXICAN%20GRILL&query_place_id=ChIJxaq1oeOe4jAROvyHinpPC-Q","Mexican restaurant"
"CEDAR Thai Restaurant","4.8","31","ห้องเลขที่4018, ชั้น4, Terminal21 Asok, 88 Soi Sukhumvit 19","Khlong Toei","Bangkok","TH","https://www.instagram.com/cedar_bkk?igsh=MWFjc2R0MmxjYnNoMw%3D%3D&utm_source=qr","+66 93 889 4111","Thai restaurant",,,,,,,,,,"https://www.google.com/maps/search/?api=1&query=CEDAR%20Thai%20Restaurant&query_place_id=ChIJH_SRs-uf4jARsFQMBe6ECXo","Thai restaurant"
"ผัดไทยพลีส Pad Thai Please - Terminal 21 Asok","4.9","207","เลขที่ 88 ห้องเลขที่ SH4017 ชั้น 4 Terminal 21 21 Soi Sukhumvit 19","Watthana","Bangkok","TH",,"+66 2 073 0399","Wok restaurant",,,,,,,,,,"https://www.google.com/maps/search/?api=1&query=%E0%B8%9C%E0%B8%B1%E0%B8%94%E0%B9%84%E0%B8%97%E0%B8%A2%E0%B8%9E%E0%B8%A5%E0%B8%B5%E0%B8%AA%20Pad%20Thai%20Please%20-%20Terminal%2021%20Asok&query_place_id=ChIJH3n2ZFGf4jAR3sLvZam_TDE","Wok restaurant"
"Rossano's Italian Cuisine","4.5","1137","167 Sukhumvit Soi 21, Asok Montri Rd","Watthana","Bangkok","TH","http://rossanosbangkok.com/","+66 2 661 7449","Italian restaurant",,,,,,,,,,"https://www.google.com/maps/search/?api=1&query=Rossano's%20Italian%20Cuisine&query_place_id=ChIJge5RZOOe4jARzWYZ3jGvKbA","Italian restaurant"
"Mad Moa Asok","4.8","159","139 100 Pi Sayam Samakhom Alley","Watthana","Bangkok","TH","https://www.facebook.com/MadmoaAsok?mibextid=LQQJ4d","+66 95 720 3826","Western restaurant",,,,,,,,,,"https://www.google.com/maps/search/?api=1&query=Mad%20Moa%20Asok&query_place_id=ChIJgX-SHpqf4jARTZxC5FBJGwQ","Western restaurant"
"Madam Saranair Thai Food restaurant","4.5","2191","139/1 Soi Sukhumvit 21 (Asoke Soi 1","Watthana","Bangkok","TH",,"+66 2 661 7984","Thai restaurant","Restaurant",,,,,,,,,"https://www.google.com/maps/search/?api=1&query=Madam%20Saranair%20Thai%20Food%20restaurant&query_place_id=ChIJ1bV7lOSe4jARZfwCIKXKyNU","Thai restaurant"
"Firepork - Terminal21 Asok","4.8","168","5th floor Terminal21 Asok 88 Soi Sukhumvit 19","Thawi Watthana","Bangkok","TH","https://www.instagram.com/firepork_thailand/?hl=en","+66 80 800 5838","Restaurant",,,,,,,,,,"https://www.google.com/maps/search/?api=1&query=Firepork%20-%20Terminal21%20Asok&query_place_id=ChIJWxTOhuKf4jARcTBCzVIB5n8","Restaurant"
"Savoey @Terminal 21 Asok","4.6","3626","ห้องเลขที่ SH-5, ศูนย์การค้าเทอร์มินอล 21, 015 ชั้นที่ 5 อโศก 88","Watthana","Bangkok","TH","https://www.savoey.co.th/","+66 64 017 0237","Seafood restaurant","Thai restaurant",,,,,,,,,"https://www.google.com/maps/search/?api=1&query=Savoey%20%40Terminal%2021%20Asok&query_place_id=ChIJ1afT-oif4jARvl-Fq22OydQ","Seafood restaurant"
"DESTIN Bangkok | European Fine Dining Restaurant","5","94","6th Avenue,Shop-4, Sukhumvit Rd","Watthana","Bangkok","TH","http://www.thedestinworld.com/","+66 98 039 0390","Fine dining restaurant","European restaurant","Family restaurant","Restaurant",,,,,,,"https://www.google.com/maps/search/?api=1&query=DESTIN%20Bangkok%20%7C%20European%20Fine%20Dining%20Restaurant&query_place_id=ChIJBdUvCgCf4jAR6mFSwsJfIUU","Fine dining restaurant"
"Baia Bangkok – Italian Restaurant & Festive Dining","4.8","820","16 Sukhumvit 11 Aly","Watthana","Bangkok","TH","https://www.baiabangkok.com/","+66 65 729 7059","Italian restaurant","Mediterranean restaurant","Restaurant",,,,,,,,"https://www.google.com/maps/search/?api=1&query=Baia%20Bangkok%20%E2%80%93%20Italian%20Restaurant%20%26%20Festive%20Dining&query_place_id=ChIJu7_6De2f4jARZIVt8z-FiRI","Italian restaurant"
"Hachicken Ramen (Terminal21 Asok)","4.7","1202","Unit 4022A, 4th floor, 88 Soi Sukhumvit 19","Watthana","Bangkok","TH","https://www.facebook.com/hachickenramenthai","+66 82 980 0061","Ramen restaurant",,,,,,,,,,"https://www.google.com/maps/search/?api=1&query=Hachicken%20Ramen%20(Terminal21%20Asok)&query_place_id=ChIJZVy5gm6f4jARZNIAsJKyW30","Ramen restaurant"
"Eat Am Are 253 Asok Building","4.5","1440","253 ชั้น G, Asok Alley","Watthana","Bangkok","TH",,"+66 92 661 1656","Steak house",,,,,,,,,,"https://www.google.com/maps/search/?api=1&query=Eat%20Am%20Are%20253%20Asok%20Building&query_place_id=ChIJtz6LEiOf4jARORWzcrLDLBc","Steak house"
"getfresh at Terminal 21 Asok","4.8","580","หอง, เลขที่ 5020 Sukhumvit Rd","Khlong Toei","Bangkok","TH","https://getfresh.co.th/","+66 81 247 8982","Restaurant","Salad shop",,,,,,,,,"https://www.google.com/maps/search/?api=1&query=getfresh%20at%20Terminal%2021%20Asok&query_place_id=ChIJSXzxqMKf4jARtTmd_SuaE2M","Restaurant"
"Indulge Restaurant & Cocktail Bar","4.7","3695","403-403/1, 407 407/1 Sukhumvit Rd","Watthana","Bangkok","TH","http://www.indulgebangkok.com/","+66 95 551 8400","Thai restaurant","Cocktail bar","Fusion restaurant","Halal restaurant","Western restaurant",,,,,,"https://www.google.com/maps/search/?api=1&query=Indulge%20Restaurant%20%26%20Cocktail%20Bar&query_place_id=ChIJvcw2HuOe4jARNkjje3ATS18","Thai restaurant"
"ไทย ไทย ก๋วยเตี๋ยวเรือ เทอร์มินอล 21 อโศก","4.5","648","เทอร์มินอล, ห้องเลขที่ SH4017 ชั้น 4 เลขที่ 88, 21 Soi Sukhumvit 19","Watthana","Bangkok","TH","https://www.yuzugroup2018.com/","+66 2 073 0399","Noodle shop",,,,,,,,,,"https://www.google.com/maps/search/?api=1&query=%E0%B9%84%E0%B8%97%E0%B8%A2%20%E0%B9%84%E0%B8%97%E0%B8%A2%20%E0%B8%81%E0%B9%8B%E0%B8%A7%E0%B8%A2%E0%B9%80%E0%B8%95%E0%B8%B5%E0%B9%8B%E0%B8%A2%E0%B8%A7%E0%B9%80%E0%B8%A3%E0%B8%B7%E0%B8%AD%20%E0%B9%80%E0%B8%97%E0%B8%AD%E0%B8%A3%E0%B9%8C%E0%B8%A1%E0%B8%B4%E0%B8%99%E0%B8%AD%E0%B8%A5%2021%20%E0%B8%AD%E0%B9%82%E0%B8%A8%E0%B8%81&query_place_id=ChIJ4zwpQ2af4jAReRREq3JTfCY","Noodle shop"
"BARTELS Asok - Sourdough Sandwiches, Coffee & Juicery","4.8","2456","199/9-11 Sukhumvit Rd","Watthana","Bangkok","TH","https://bartelsthailand.com/","+66 95 019 2134","Brunch restaurant",,,,,,,,,,"https://www.google.com/maps/search/?api=1&query=BARTELS%20Asok%20-%20Sourdough%20Sandwiches%2C%20Coffee%20%26%20Juicery&query_place_id=ChIJa7RbIkGf4jARxc9xrSROCts","Brunch restaurant"
"Ping's Shark Fin Restaurant Asoke (The Original)","4.6","1595","137/3 Sukhumvit 21 Rd","Watthana","Bangkok","TH","http://pingsharksfin.com/","+66 2 661 7860","Chinese restaurant",,,,,,,,,,"https://www.google.com/maps/search/?api=1&query=Ping's%20Shark%20Fin%20Restaurant%20Asoke%20(The%20Original)&query_place_id=ChIJnfQQnAGf4jARkEY6N_nZR74","Chinese restaurant"
"The Local","4.4","3286","32 32/1 Soi Sukhumvit 23","Watthana","Bangkok","TH","http://www.thelocalthaicuisine.com/","+66 2 664 0664","Thai restaurant",,,,,,,,,,"https://www.google.com/maps/search/?api=1&query=The%20Local&query_place_id=ChIJc881Nfue4jARsIcIs9ZqPJE","Thai restaurant"
"The Siam Tea Room","4.6","541","199 Sukhumvit Alley 22","Khlong Toei","Bangkok","TH","https://www.thesiamtearoom.com/sukhumvit-branch","+66 2 059 5999","Restaurant","Bakery","Coffee shop","Pastry shop","Thai restaurant",,,,,,"https://www.google.com/maps/search/?api=1&query=The%20Siam%20Tea%20Room&query_place_id=ChIJDf7QWt2e4jARJklxQGKyUgM","Restaurant"
"PUKEEPICK Seafoods restaurant","4.7","1091","QJC5+7WM, Town In Town Soi 14","Wang Thonglang","Bangkok","TH","http://www.facebook.com/pukeepick","+66 98 519 4189","Thai restaurant",,,,,,,,,,"https://www.google.com/maps/search/?api=1&query=PUKEEPICK%20Seafoods%20restaurant&query_place_id=ChIJiS5dXwef4jAR9TVRIVHVC9w","Thai restaurant"
"Siam Halal : สยามฮาลาล (Ramkhamhaeng 53)","4.8","390","Ramkhamhaeng 53","Bang Kapi","Bangkok","TH","https://www.tiktok.com/@siamhalal25","+66 82 218 9006","Restaurant",,,,,,,,,,"https://www.google.com/maps/search/?api=1&query=Siam%20Halal%20%3A%20%E0%B8%AA%E0%B8%A2%E0%B8%B2%E0%B8%A1%E0%B8%AE%E0%B8%B2%E0%B8%A5%E0%B8%B2%E0%B8%A5%20(Ramkhamhaeng%2053)&query_place_id=ChIJHcdlbFef4jARSGSq_HxTaQM","Restaurant"
"Starita Bangkok","4.7","664","ชั้น G, Oakwood Residence Thonglor, 113 ซอยอรรถพัฒน์","Watthana","Bangkok","TH","https://staritabkk.com/","+66 99 446 4461","Pizza restaurant","Italian restaurant",,,,,,,,,"https://www.google.com/maps/search/?api=1&query=Starita%20Bangkok&query_place_id=ChIJWWhOq52f4jAR52sgKXUy4fM","Pizza restaurant"
"GYU EN SIAM YAKINIKU","4.6","188","10/16 Sukhumvit 33/2 Alley","Watthana","Bangkok","TH",,"+66 61 108 4385","Japanese restaurant",,,,,,,,,,"https://www.google.com/maps/search/?api=1&query=GYU%20EN%20SIAM%20YAKINIKU&query_place_id=ChIJNTc5sROf4jAR3u3p7KCzbBg","Japanese restaurant"
"Sot Bangkok - Korean Pot Rice","4.8","389","591/9 Sukhumvit Rd","Watthana","Bangkok","TH","https://www.instagram.com/sot.bangkok/","+66 64 107 3394","Restaurant",,,,,,,,,,"https://www.google.com/maps/search/?api=1&query=Sot%20Bangkok%20-%20Korean%20Pot%20Rice&query_place_id=ChIJv_V19P2f4jARGpHkXe5mFME","Restaurant"
"ALATi","4.6","198","991/9 โรงแรมสยาม เคมปินสกี้ Rama I Rd","Pathum Wan","Bangkok","TH","https://www.kempinski.com/en/siam-hotel/restaurants-bars/alati?utm_medium=organic&utm_source=google&utm_campaign=KIBKK1&utm_content=gmb&source=S308962248","+66 2 162 9000","Restaurant","Grill","Brunch restaurant","Diner","Fusion restaurant","Lunch restaurant","Mediterranean restaurant",,,,"https://www.google.com/maps/search/?api=1&query=ALATi&query_place_id=ChIJG8jmu3eZ4jARZnkwif97Mps","Restaurant"
"Sot Siam Paragon - Korean Pot Rice","4.8","220","4th Floor, ศูนย์การค้าสยามพารากอน ชั้น 4, 991, Eatelier","Pathum Wan","Bangkok","TH","https://www.instagram.com/sot.bangkok?igsh=MXg3azhldzV4M293aw==&utm_source=qr","+66 82 105 9971","Korean restaurant",,,,,,,,,,"https://www.google.com/maps/search/?api=1&query=Sot%20Siam%20Paragon%20-%20Korean%20Pot%20Rice&query_place_id=ChIJR8JsZ7Gf4jARsMFdVqqbpSI","Korean restaurant"
"Pasta Ama Siam Center","4.9","4786","สยามเซ็นเตอร์ ชั้น 2, 979 Rama I Rd","Pathum Wan","Bangkok","TH","https://www.openlink.co/pastaama","+66 81 046 5987","Restaurant",,,,,,,,,,"https://www.google.com/maps/search/?api=1&query=Pasta%20Ama%20Siam%20Center&query_place_id=ChIJwSrCL8uf4jARQB4sChigQRE","Restaurant"
"Phrigkiao Bangkok - Certified by CICOT(The Central Islamic Council Of Thailand)","4.7","628","410/5-6 Siam Square Soi 6","Pattumwan","Bangkok","TH","https://www.facebook.com/phrigkiaobkk/","+66 96 664 0669","Halal restaurant","Restaurant","Thai restaurant",,,,,,,,"https://www.google.com/maps/search/?api=1&query=Phrigkiao%20Bangkok%20-%20Certified%20by%20CICOT(The%20Central%20Islamic%20Council%20Of%20Thailand)&query_place_id=ChIJwXr_CRaf4jARKG3uu08Xw4g","Halal restaurant"
"Henryfry Siam Paragon","4.8","110","ชั้น 5A โซน Nextopia, 991 Rama I Rd","Pathum Wan","Bangkok","TH","https://www.instagram.com/henryfry.friedchicken?igsh=MWNqYWNmZjB4ZGN4cw==","+66 96 969 2146","American restaurant",,,,,,,,,,"https://www.google.com/maps/search/?api=1&query=Henryfry%20Siam%20Paragon&query_place_id=ChIJOS3eLref4jARyALuQOB06Go","American restaurant"
"Kaneko Hannosuke Siam Paragon","4.8","93","Siam Paragon, Unit 414, Eatelier Zone, 4th fl","Pathum Wan","Bangkok","TH","https://www.facebook.com/kaneko.hannosuke.th","+66 98 559 2694","Restaurant",,,,,,,,,,"https://www.google.com/maps/search/?api=1&query=Kaneko%20Hannosuke%20Siam%20Paragon&query_place_id=ChIJjdP6OTyf4jARimhHXNzD-Nw","Restaurant"
"Mozza By Cocotte Siam Paragon","4.7","1476","991, Siam Paragon Shopping Center, Room G31, G Floor, Rama I Rd","Pathum Wan","Bangkok","TH","http://www.mozza-bangkok.com/","+66 62 208 8828","Italian restaurant",,,,,,,,,,"https://www.google.com/maps/search/?api=1&query=Mozza%20By%20Cocotte%20Siam%20Paragon&query_place_id=ChIJOTkw4lef4jARoSBeMI4SX8k","Italian restaurant"
"SEKI OMAKASE (Siam Paragon)","4.9","1468","G Floor, Siam Paragon, 991/1 Rama I Rd","Pathum Wan","Bangkok","TH",,"+66 81 246 8799","Japanese restaurant",,,,,,,,,,"https://www.google.com/maps/search/?api=1&query=SEKI%20OMAKASE%20(Siam%20Paragon)&query_place_id=ChIJOXSUm0Wf4jARqMwcmyatogU","Japanese restaurant"
"KOKO SIAM 1996","4.1","541","262, 6 Siam Square Soi 3","Pathum Wan","Bangkok","TH",,"+66 82 544 4145","Thai restaurant","Vegetarian restaurant",,,,,,,,,"https://www.google.com/maps/search/?api=1&query=KOKO%20SIAM%201996&query_place_id=ChIJj1il7lyf4jARZdCtq6GTvHg","Thai restaurant"
"Somtam","4.9","39","10 Siam Square Soi 5","Pathum Wan","Bangkok","TH",,"","Restaurant",,,,,,,,,,"https://www.google.com/maps/search/?api=1&query=Somtam&query_place_id=ChIJj6WfjQWf4jARZjxOhCHCyrU","Restaurant"
"Inter Restaurants","4.4","3031","432/1-2 Siam Square 9 Alley","Pathum Wan","Bangkok","TH","https://www.facebook.com/InterRestaurants1981","+66 2 251 4689","Thai restaurant","Chinese restaurant",,,,,,,,,"https://www.google.com/maps/search/?api=1&query=Inter%20Restaurants&query_place_id=ChIJV1UGZABiHTERoiXISIWa6-o","Thai restaurant"
"Hikiniku to come - Siam Paragon","4.6","60","G-04, G Floor, Siam Paragon Shopping Center, 991 Rama I Rd","Pathum Wan","Bangkok","TH","https://hikinikutocome.com/th/","+66 97 265 2203","Japanese restaurant","Hamburger restaurant",,,,,,,,,"https://www.google.com/maps/search/?api=1&query=Hikiniku%20to%20come%20-%20Siam%20Paragon&query_place_id=ChIJ00AJIQCf4jARs6CZ9Qu14AA","Japanese restaurant"
"Slim Pig x Fatt Chicken","4.9","1335","Siam Paragon, 4th floor, Zone Eatelier, Rama I Rd","Pathum Wan","Bangkok","TH","https://www.fattchicken.com/","+66 2 125 0525","Restaurant","Asian restaurant","Chicken restaurant","Chinese restaurant","Hong Kong style fast food restaurant",,,,,,"https://www.google.com/maps/search/?api=1&query=Slim%20Pig%20x%20Fatt%20Chicken&query_place_id=ChIJsWXHDwSf4jARPv03L_r6rDk","Restaurant"
"Tonchin Ramen - Siam Paragon","4.7","1147","ชั้น G Siam Paragon, 991 Rama I Rd","Pathum Wan","Bangkok","TH","https://www.facebook.com/tonchinth/","+66 61 491 5558","Ramen restaurant",,,,,,,,,,"https://www.google.com/maps/search/?api=1&query=Tonchin%20Ramen%20-%20Siam%20Paragon&query_place_id=ChIJ8edPT6Cf4jARPWjsfL-eZtc","Ramen restaurant"
"CALM Bangkok - Grill, Garden & Guinguette","4.8","756","231/2 , Soi Sukhumvit 31 (Soi Sawasdee), Sukhumvit Road Khlong Ton Nuea Sub-District","Watthana","Bangkok","TH","https://www.calm-bkk.com/en","+66 64 197 0432","Restaurant","Bar","Bar & grill","Barbecue restaurant","Beer garden","Cocktail bar","French restaurant","Steak house",,,"https://www.google.com/maps/search/?api=1&query=CALM%20Bangkok%20-%20Grill%2C%20Garden%20%26%20Guinguette&query_place_id=ChIJq1XCBzuf4jARKB3mkY-Huh8","Restaurant"
"Ekkaluck Bangkok","4.9","328","22 Sukhumvit 53 Alley","Watthana","Bangkok","TH","https://www.marriott.com/en-us/hotels/bkkbh-madi-paidi-bangkok-autograph-collection/dining/?scid=feed67b0-9a2f-4de1-8df6-114544116108","+66 2 127 5999","Restaurant",,,,,,,,,,"https://www.google.com/maps/search/?api=1&query=Ekkaluck%20Bangkok&query_place_id=ChIJH9mMNFef4jARU_dE8h5Lbjc","Restaurant"
"Ari Cafe & Bistro","4.7","149","11/20 Soi Phetchaburi 47, Lane 3","Huai Khwang","Bangkok","TH","https://www.facebook.com/p/Ari-Cafe-Bistro-100063493211298/","+66 2 101 8896","Bistro",,,,,,,,,,"https://www.google.com/maps/search/?api=1&query=Ari%20Cafe%20%26%20Bistro&query_place_id=ChIJIQr4bB2f4jARe_g4nhRMLfA","Bistro"
"เอิบข้าวมันไก่สิงคโปร์ Erb Singapore Chicken Rice","4.9","312","510 Soi Lert Kaew entrance, Asok Montri Rd","Din Daeng","Bangkok","TH","https://erbchickenrice.com/","+66 62 295 5091","Chicken restaurant",,,,,,,,,,"https://www.google.com/maps/search/?api=1&query=%E0%B9%80%E0%B8%AD%E0%B8%B4%E0%B8%9A%E0%B8%82%E0%B9%89%E0%B8%B2%E0%B8%A7%E0%B8%A1%E0%B8%B1%E0%B8%99%E0%B9%84%E0%B8%81%E0%B9%88%E0%B8%AA%E0%B8%B4%E0%B8%87%E0%B8%84%E0%B9%82%E0%B8%9B%E0%B8%A3%E0%B9%8C%20Erb%20Singapore%20Chicken%20Rice&query_place_id=ChIJGRO4S-mf4jAR8-9lq7pgmAs","Chicken restaurant"
"Kenny's BKK - Sukhumvit 31","4.8","1107","24/1 Sukhumvit 31","Watthana","Bangkok","TH","http://kennysbkk.com/","+66 92 599 2694","Pizza restaurant",,,,,,,,,,"https://www.google.com/maps/search/?api=1&query=Kenny's%20BKK%20-%20Sukhumvit%2031&query_place_id=ChIJd_RzZQCf4jARUbKJzoih9sY","Pizza restaurant"
"Shwe Tea House & Noodles SKYY9 CENTRE (Rama IX)","4.9","38","554, 1 Thanon Asok - Din Daeng","Din Daeng","Bangkok","TH",,"+66 94 898 2200","Burmese restaurant","Asian restaurant",,,,,,,,,"https://www.google.com/maps/search/?api=1&query=Shwe%20Tea%20House%20%26%20Noodles%20SKYY9%20CENTRE%20(Rama%20IX)&query_place_id=ChIJ_zz2og-f4jARFXHNYfpcDWQ","Burmese restaurant"
"VERDE Sukhumvit 26 | Healthy Bowls, Brunch, Sandwiches, Coffee & Juices","4.8","610","Klong Ton, 61/46 Sukhumvit 26","Khlong Toei","Bangkok","TH","http://www.verdethailand.com/","+66 62 157 0964","Restaurant","Brunch restaurant","Cafe","Health food restaurant",,,,,,,"https://www.google.com/maps/search/?api=1&query=VERDE%20Sukhumvit%2026%20%7C%20Healthy%20Bowls%2C%20Brunch%2C%20Sandwiches%2C%20Coffee%20%26%20Juices&query_place_id=ChIJvTOdOtyf4jARmOGjJxzwTDI","Restaurant"
"SWD Bangkok","4.8","377","249 Sukhumvit 31","Watthana","Bangkok","TH","https://www.swdbangkok.com/","+66 81 235 2038","Restaurant","Bar & grill","Bed & breakfast","Breakfast restaurant","Brunch restaurant","Cafe","Diner","Lunch restaurant","Pizza restaurant","Western restaurant","https://www.google.com/maps/search/?api=1&query=SWD%20Bangkok&query_place_id=ChIJPSQXMkOf4jARUl6zswYm-X4","Restaurant"
"PEPE Bangkok","4.8","904","173, 3 Soi Sukhumvit 16","Khlong Toei","Bangkok","TH","https://linktr.ee/pepebangkok","+66 84 264 9291","Asian fusion restaurant","Restaurant",,,,,,,,,"https://www.google.com/maps/search/?api=1&query=PEPE%20Bangkok&query_place_id=ChIJIUHmOe2f4jAR2l7P6OOm4hg","Asian fusion restaurant"
"Sri Trat Restaurant and Bar","4.5","2551","90 Sukhumvit 33 Alley","Watthana","Bangkok","TH","https://www.facebook.com/sritrat/","+66 2 088 0968","Thai restaurant","Bar",,,,,,,,,"https://www.google.com/maps/search/?api=1&query=Sri%20Trat%20Restaurant%20and%20Bar&query_place_id=ChIJoc-7O_ye4jARa2GblY_w4Bo","Thai restaurant"
"Flower cafe","4.7","475",,"Khlong Toei","Bangkok","TH",,"+66 94 287 8935","Restaurant",,,,,,,,,,"https://www.google.com/maps/search/?api=1&query=Flower%20cafe&query_place_id=ChIJr4TRi9uf4jARC7vUlLxyJn4","Restaurant"
"Weaver Restaurant","4.9","421","9th Floor, SILQ Hotel & Residence, 41 Sukhumvit 24 Alley","Khlong Toei","Bangkok","TH","https://www.weaverdining.com/","+66 2 407 1071","Restaurant","Indian restaurant","Thai restaurant","Western restaurant",,,,,,,"https://www.google.com/maps/search/?api=1&query=Weaver%20Restaurant&query_place_id=ChIJE50eAZyf4jAR76QGka09QO8","Restaurant"
"Khao Piyo Bangkok - Indian Multi Cuisine","4.8","1123","150/1 Sukhumvit Alley 22","Khlong Toei","Bangkok","TH","https://www.khao-piyo.com/","+66 64 006 5091","Indian restaurant","Indian Muslim restaurant","Indian sizzler restaurant","Indian takeaway","Modern Indian restaurant","North Indian restaurant",,,,,"https://www.google.com/maps/search/?api=1&query=Khao%20Piyo%20Bangkok%20-%20Indian%20Multi%20Cuisine&query_place_id=ChIJ0399O7ef4jARoDusOwxGzeM","Indian restaurant"
"Victoria by Cocotte @ Emquartier","4.6","1033","ห้องเลขที่ 8 ชั้น GF, The Waterfall Quatier, 637 Sukhumvit Rd","Watthana","Bangkok","TH","https://www.victoria-bangkok.com/","+66 92 390 8080","Restaurant",,,,,,,,,,"https://www.google.com/maps/search/?api=1&query=Victoria%20by%20Cocotte%20%40%20Emquartier&query_place_id=ChIJAVSRYU2f4jARWx7kH5rhiWc","Restaurant"
"Origami Restaurant Sukhumvit 24 Borderless Cuisine","4.8","247","L Floor, Staybridge Suites Bangkok Sukhumvit, 89/8 89/9 Sukhumvit 24 Alley","Khlong Toei","Bangkok","TH","https://origamirestaurant.co/","+66 94 618 0777","Restaurant","Breakfast restaurant","Fusion restaurant",,,,,,,,"https://www.google.com/maps/search/?api=1&query=Origami%20Restaurant%20Sukhumvit%2024%20Borderless%20Cuisine&query_place_id=ChIJu5j2gCOf4jARCFnsDMLgh0g","Restaurant"
"At-Ta-Rote","4.4","1160","59/3 Sukhumvit 39","Watthana","Bangkok","TH","https://www.facebook.com/attarote.thaicuisine","+66 64 249 4244","Thai restaurant","Restaurant",,,,,,,,,"https://www.google.com/maps/search/?api=1&query=At-Ta-Rote&query_place_id=ChIJ6b0f3_6e4jAR2YzyQaSGBqA","Thai restaurant"
"Chez Papa Bangkok","4.8","538","64 Sukhumvit 51 Alley","Watthana","Bangkok","TH","https://chezpapabangkok.carrd.co/","+66 63 832 3605","French restaurant","Bistro","Event venue","French steakhouse restaurant","Restaurant","Tapas restaurant","Wine bar",,,,"https://www.google.com/maps/search/?api=1&query=Chez%20Papa%20Bangkok&query_place_id=ChIJTWM3irSf4jARH23HAeWx7uk","French restaurant"
"โค ลิมิเต็ด เอ็มสเฟียร์ - CO LIMITED emSphere","4.7","2106","628 ห้อง GM05 Sukhumvit Rd","Khlong Toei","Bangkok","TH","https://www.facebook.com/COLTEMS/","+66 95 372 5599","Thai restaurant","Raw food restaurant",,,,,,,,,"https://www.google.com/maps/search/?api=1&query=%E0%B9%82%E0%B8%84%20%E0%B8%A5%E0%B8%B4%E0%B8%A1%E0%B8%B4%E0%B9%80%E0%B8%95%E0%B9%87%E0%B8%94%20%E0%B9%80%E0%B8%AD%E0%B9%87%E0%B8%A1%E0%B8%AA%E0%B9%80%E0%B8%9F%E0%B8%B5%E0%B8%A2%E0%B8%A3%E0%B9%8C%20-%20CO%20LIMITED%20emSphere&query_place_id=ChIJ0b416lCf4jARd7O0x9wjoC4","Thai restaurant"
"Peppina (Sukhumvit Flagship Branch)","4.5","2494","27/1 Sukhumvit 33 Alley","Watthana","Bangkok","TH","http://www.peppina.asia/","+66 2 119 7677","Italian restaurant","Bar","Mediterranean restaurant","Neapolitan restaurant","Pizza delivery","Pizza restaurant","Pizza Takeout","Restaurant",,,"https://www.google.com/maps/search/?api=1&query=Peppina%20(Sukhumvit%20Flagship%20Branch)&query_place_id=ChIJQ0cFbPye4jARKjjpGD8_chs","Italian restaurant"
"Florae Restaurant","4.8","656","95, 370, 22 Sukhumvit 24 Alley","Khet Klongtoey","Bangkok","TH","http://www.floraebangkok.com/","+66 2 483 3999","Restaurant",,,,,,,,,,"https://www.google.com/maps/search/?api=1&query=Florae%20Restaurant&query_place_id=ChIJyVfJqDuf4jARyFXroxpoUag","Restaurant"
"ゆかり-縁- Yukari Japanese Izakaya restaurant","4.9","191","14/2 Soi Sukhumvit 33","Watthana","Bangkok","TH",,"+66 63 479 6563","Modern izakaya restaurant",,,,,,,,,,"https://www.google.com/maps/search/?api=1&query=%E3%82%86%E3%81%8B%E3%82%8A-%E7%B8%81-%20Yukari%20Japanese%20Izakaya%20restaurant&query_place_id=ChIJiZPQNACf4jARvE8BNl9jPwg","Modern izakaya restaurant"
"North Restaurant","4.7","1263","8 Sukhumvit 33 Alley","Watthana","Bangkok","TH","http://www.north-restaurant.com/","+66 61 426 2642","Restaurant",,,,,,,,,,"https://www.google.com/maps/search/?api=1&query=North%20Restaurant&query_place_id=ChIJcRgyCeyf4jARKQO8CpoIlJ8","Restaurant"
"Rava Restaurant","4.6","439","22 Sukhumvit 33/5 Alley","Watthana","Bangkok","TH","https://www.ravaitalian.com/","+66 80 142 1089","Italian restaurant",,,,,,,,,,"https://www.google.com/maps/search/?api=1&query=Rava%20Restaurant&query_place_id=ChIJr35IUNSf4jARPRG-ybYPKvs","Italian restaurant"
"Reap Factory","4.8","113","10, 10/3 Sukhumvit 20 Alley","Khlong Toei","Bangkok","TH","https://linktr.ee/reapfactorybangkok","+66 2 127 5920","Restaurant",,,,,,,,,,"https://www.google.com/maps/search/?api=1&query=Reap%20Factory&query_place_id=ChIJVy2QFOGf4jARMqm1gOkeRlE","Restaurant"
"Napha | Emsphere","4.8","1029","28 ชั้น GM, Sukhumvit Rd","Watthana","Bangkok","TH","https://naphachefs.com/","+66 62 428 6200","Thai restaurant",,,,,,,,,,"https://www.google.com/maps/search/?api=1&query=Napha%20%7C%20Emsphere&query_place_id=ChIJDccyZQCf4jARmWkxWFYqkNA","Thai restaurant"
"Nimitr","4.9","569","59/1 Sukhumvit 39","Watthana","Bangkok","TH","https://137pillarshotels.com/en/bangkok/dining/nimitr","+66 2 079 7155","Asian restaurant","Restaurant",,,,,,,,,"https://www.google.com/maps/search/?api=1&query=Nimitr&query_place_id=ChIJzXuDJP-e4jARZghe1xJufWU","Asian restaurant"
"KHAO NIAO","4.6","297","Soi Ari Samphan 7 Alley","Phaya Thai","Bangkok","TH","https://m.facebook.com/khaoniao.bkk","+66 61 410 8888","Restaurant","Cafe","Thai restaurant",,,,,,,,"https://www.google.com/maps/search/?api=1&query=KHAO%20NIAO&query_place_id=ChIJmaKVftCf4jARDnQ_lIRq0zM","Restaurant"
"ถึงเจียงใหม่ บางกอก | Thungchiangmai bangkok","4.8","729","Phahon Yothin 7","Phaya Thai","Bangkok","TH","https://www.facebook.com/thungchiangmaibangkok","+66 98 519 0050","Restaurant",,,,,,,,,,"https://www.google.com/maps/search/?api=1&query=%E0%B8%96%E0%B8%B6%E0%B8%87%E0%B9%80%E0%B8%88%E0%B8%B5%E0%B8%A2%E0%B8%87%E0%B9%83%E0%B8%AB%E0%B8%A1%E0%B9%88%20%E0%B8%9A%E0%B8%B2%E0%B8%87%E0%B8%81%E0%B8%AD%E0%B8%81%20%7C%20Thungchiangmai%20bangkok&query_place_id=ChIJwyKxd2Cd4jAROw5h5cDRAZM","Restaurant"
"Luigi Bangkok","4.6","199","304/2 Vanit Place Aree, Building C 2nd floor, room, 204 Phahonyothin Rd","Phaya Thai","Bangkok","TH","https://www.instagram.com/luigibangkok/","+66 65 291 9928","Italian restaurant","Restaurant",,,,,,,,,"https://www.google.com/maps/search/?api=1&query=Luigi%20Bangkok&query_place_id=ChIJtyd2APOf4jARzg2eG-R-yvY","Italian restaurant"
"PERB","4.4","343","ตึก A, One Ari, ชั้น4, 9/2 Soi Ari 1","Phaya Thai","Bangkok","TH","https://www.facebook.com/perbbkk/","+66 91 299 2171","Thai restaurant",,,,,,,,,,"https://www.google.com/maps/search/?api=1&query=PERB&query_place_id=ChIJfSHBpP-d4jARMTq0BQWZu00","Thai restaurant"
"เสือเบิร์นไฟ เทปันยากิ สาขา อารีย์ (Tigerburnsfire Teppanyaki, Ari)","4.9","41","Phahonyothin Rd","Phaya Thai","Bangkok","TH","http://www.facebook.com/tigerburnsfire","+66 89 717 0133","Japanese restaurant",,,,,,,,,,"https://www.google.com/maps/search/?api=1&query=%E0%B9%80%E0%B8%AA%E0%B8%B7%E0%B8%AD%E0%B9%80%E0%B8%9A%E0%B8%B4%E0%B8%A3%E0%B9%8C%E0%B8%99%E0%B9%84%E0%B8%9F%20%E0%B9%80%E0%B8%97%E0%B8%9B%E0%B8%B1%E0%B8%99%E0%B8%A2%E0%B8%B2%E0%B8%81%E0%B8%B4%20%E0%B8%AA%E0%B8%B2%E0%B8%82%E0%B8%B2%20%E0%B8%AD%E0%B8%B2%E0%B8%A3%E0%B8%B5%E0%B8%A2%E0%B9%8C%20(Tigerburnsfire%20Teppanyaki%2C%20Ari)&query_place_id=ChIJtxh30SCd4jARxWEZ05MoyLA","Japanese restaurant"
"Escape.Ari","4.8","47","36/10 2nd Fl. Paholyothin7 RD.","Phayathai","Bangkok","TH","https://www.facebook.com/escape.ari","+66 63 476 1328","Restaurant",,,,,,,,,,"https://www.google.com/maps/search/?api=1&query=Escape.Ari&query_place_id=ChIJqcRgS9ad4jARvPDEeroZoa4","Restaurant"
"aiya bkk","4.3","170","The HUB (Phahol - Ari, 466/32","Phaya Thai","Bangkok","TH","https://www.facebook.com/Aiya.Bkk/","+66 62 254 5050","Restaurant","Bar",,,,,,,,,"https://www.google.com/maps/search/?api=1&query=aiya%20bkk&query_place_id=ChIJbw6TVBed4jARKwkkani3LPQ","Restaurant"
"Smizzle Burger - Ari","4.8","919","23/1 Si Fa Alley","Phaya Thai","Bangkok","TH","http://facebook.com/smizzleburger/","+66 63 204 7870","Hamburger restaurant",,,,,,,,,,"https://www.google.com/maps/search/?api=1&query=Smizzle%20Burger%20-%20Ari&query_place_id=ChIJ1WcBXgCd4jARJ_eLRt65L-M","Hamburger restaurant"
"Hobs Ari Samosorn","4.4","41","QGJP+535, Ari Samphan 11 Alley","Phaya Thai","Bangkok","TH","https://www.facebook.com/arisamosornofficial","+66 64 609 9617","Restaurant",,,,,,,,,,"https://www.google.com/maps/search/?api=1&query=Hobs%20Ari%20Samosorn&query_place_id=ChIJ184qc0Gf4jARxwXIueW5gz8","Restaurant"
"Banhmiclub.bkk - Ari","4.9","19","White Cloud Ari, 33 Soi Ari 3","Phaya Thai","Bangkok","TH",,"+66 86 346 9781","Restaurant",,,,,,,,,,"https://www.google.com/maps/search/?api=1&query=Banhmiclub.bkk%20-%20Ari&query_place_id=ChIJvW8t13uf4jARYx_xD1w1MtA","Restaurant"
"Saiphao Ari สายเพรา อารีย์","4.1","83","465/1-39 Phahonyothin Rd","Phaya Thai","Bangkok","TH","http://www.instagram.com/saiphao","+66 61 235 5639","Thai restaurant",,,,,,,,,,"https://www.google.com/maps/search/?api=1&query=Saiphao%20Ari%20%E0%B8%AA%E0%B8%B2%E0%B8%A2%E0%B9%80%E0%B8%9E%E0%B8%A3%E0%B8%B2%20%E0%B8%AD%E0%B8%B2%E0%B8%A3%E0%B8%B5%E0%B8%A2%E0%B9%8C&query_place_id=ChIJPfHUWQCd4jARhw0PogiEeYg","Thai restaurant"
"Arina Bistro & Restaurant","4.1","58","85 Phahon Yothin 14","Phaya Thai","Bangkok","TH",,"+66 95 459 2656","Restaurant",,,,,,,,,,"https://www.google.com/maps/search/?api=1&query=Arina%20Bistro%20%26%20Restaurant&query_place_id=ChIJP0PuE_if4jARC2km8R6_-_0","Restaurant"
"Hotaru 119 Omakase & Izakaya - Sanampao","4.8","2578","899 (ในโครงการ The season mall, Phahonyothin Rd","Phaya Thai","Bangkok","TH","https://www.facebook.com/Hotaru119","+66 63 593 8222","Japanese restaurant","Authentic Japanese restaurant",,,,,,,,,"https://www.google.com/maps/search/?api=1&query=Hotaru%20119%20Omakase%20%26%20Izakaya%20-%20Sanampao&query_place_id=ChIJ30_GoVif4jARFfi--XCV8tc","Japanese restaurant"
"Breakfast Story Asok","4.7","2195","392 9 Sukhumvit Rd","Khlong Toei","Bangkok","TH","https://www.breakfaststorybkk.com/","+66 2 120 6653","Restaurant","American restaurant","Breakfast restaurant","Cafe","Canadian restaurant","Coffee shop",,,,,"https://www.google.com/maps/search/?api=1&query=Breakfast%20Story%20Asok&query_place_id=ChIJMw0BZtif4jARRmhD6_Xutpw","Restaurant"
"B. Elbasha Asok Branch (Halal Lebanese & Turkish Restaurant)","4.7","2395","25, 4 Soi Sukhumvit 16","Khlong Toei","Bangkok","TH","http://linktr.ee/elbasha.th","+66 96 067 0014","Lebanese restaurant","Mediterranean restaurant",,,,,,,,,"https://www.google.com/maps/search/?api=1&query=B.%20Elbasha%20Asok%20Branch%20(Halal%20Lebanese%20%26%20Turkish%20Restaurant)&query_place_id=ChIJ0-I10zOf4jARV8SRMCyRRlw","Lebanese restaurant"
"Oranuch Thai Dining","4.6","943","36/1 Soi Sukhumvit 23","Watthana","Bangkok","TH","http://www.oranuchbangkok.com/","+66 2 125 3715","Thai restaurant",,,,,,,,,,"https://www.google.com/maps/search/?api=1&query=Oranuch%20Thai%20Dining&query_place_id=ChIJ0eGdrOaf4jARsbK1ylUw0wU","Thai restaurant"
"Breakfast Story Phrom Phong","4.6","2435","593 27 Sukhumvit Rd","Watthana","Bangkok","TH","https://www.breakfaststorybkk.com/","+66 2 258 1461","Restaurant","American restaurant","Breakfast restaurant","Cafe","Canadian restaurant","Coffee shop",,,,,"https://www.google.com/maps/search/?api=1&query=Breakfast%20Story%20Phrom%20Phong&query_place_id=ChIJ641S8P2e4jARFamnzgu_IMo","Restaurant"
"Mozza by Cocotte - EmQuartier","4.4","1983","693 Sukhumvit Rd","Klongtoey","Bangkok","TH","https://mozza-bangkok.com/","+66 97 004 0072","Italian restaurant",,,,,,,,,,"https://www.google.com/maps/search/?api=1&query=Mozza%20by%20Cocotte%20-%20EmQuartier&query_place_id=ChIJa65k8wGf4jARN4hQk0SoakI","Italian restaurant"
"Appia Trattoria","4.4","950","20/4 Sukhumvit 31","Watthana","Bangkok","TH","http://www.appia-bangkok.com/","+66 63 267 4893","Italian restaurant",,,,,,,,,,"https://www.google.com/maps/search/?api=1&query=Appia%20Trattoria&query_place_id=ChIJ80v5rv2e4jARVS2emNHKH50","Italian restaurant"
"Antico Fornaio - Crafted Italian focaccia - Asoke","4.8","52","32/61 Sino-Thai Tower Sukhumvit 21 Rd Khlongtoey","Watthana","Bangkok","TH","https://anticofornaio.com/","+66 61 018 5839","Sandwich shop","Italian grocery store","Italian restaurant","Northern Italian restaurant","Restaurant",,,,,,"https://www.google.com/maps/search/?api=1&query=Antico%20Fornaio%20-%20Crafted%20Italian%20focaccia%20-%20Asoke&query_place_id=ChIJx9lTRXOf4jAR9ACu8IqccM0","Sandwich shop"
"Hokkaido Yakidon Baan Kampu Asoke","4.8","67","ชั้น 2, โครงการบ้านก้ามปู อโศก, Baan Kampu Asoke 2nd floor, 68 Sukhumvit 21 Rd","Watthana","Bangkok","TH",,"+66 91 772 9358","Japanese restaurant",,,,,,,,,,"https://www.google.com/maps/search/?api=1&query=Hokkaido%20Yakidon%20Baan%20Kampu%20Asoke&query_place_id=ChIJk34ex9uf4jARNSqWLFu7PYw","Japanese restaurant"
"Bangkok Heightz Rooftop (Restaurant & Bar 39th floor)","4.8","2910","413 ชั้น 39, โรงแรม เดอะ คอนทิเนนท์, Sukhumvit Rd","Watthana","Bangkok","TH","https://montraj.com/continent-hotel/bangkok-heightz-rooftop-restaurant-sukhumvit/","+66 2 686 7000","Restaurant","Bar","Thai restaurant",,,,,,,,"https://www.google.com/maps/search/?api=1&query=Bangkok%20Heightz%20Rooftop%20(Restaurant%20%26%20Bar%2039th%20floor)&query_place_id=ChIJ_QYAIOOe4jARxBtLupRX4u4","Restaurant"
"Padthai Chapaa - Asoke","4.6","130","39/1 Sukhumvit Rd","Watthana","Bangkok","TH","https://www.instagram.com/padthaichapaa","+66 81 353 7805","Restaurant",,,,,,,,,,"https://www.google.com/maps/search/?api=1&query=Padthai%20Chapaa%20-%20Asoke&query_place_id=ChIJqzb24Ref4jARM4zO8uCWDdk","Restaurant"
"Stoke Bangkok","4.9","304","160/20-21 Thonglor Thong Lo","Watthana","Bangkok","TH","https://stokebangkok.com/","+66 96 821 6480","American restaurant","Bar & grill","Restaurant","Wine bar",,,,,,,"https://www.google.com/maps/search/?api=1&query=Stoke%20Bangkok&query_place_id=ChIJK_UAaAOf4jARxyBbm3MPyns","American restaurant"
"Dreamloft Bangkok Restaurant","4.6","171","36, The Strand, Thonglor ชั้น 3, 195 Thong Lo","Watthana","Bangkok","TH","https://dreamloftbkk.com/","+66 95 706 7274","Restaurant","Brunch restaurant","Cocktail bar","Dessert restaurant","Diner","Lunch restaurant",,,,,"https://www.google.com/maps/search/?api=1&query=Dreamloft%20Bangkok%20Restaurant&query_place_id=ChIJnVphNFOe4jARzYEtJMXNAGI","Restaurant"
"Patara Fine Thai Cuisine","4.5","658","375, 19 Thong Lo","Watthana","Bangkok","TH","http://www.patarathailand.com/","+66 98 253 6380","Thai restaurant","Family restaurant","Fine dining restaurant","Restaurant","Southeast Asian restaurant",,,,,,"https://www.google.com/maps/search/?api=1&query=Patara%20Fine%20Thai%20Cuisine&query_place_id=ChIJv99arlOe4jARCJI52pBehiQ","Thai restaurant"
"On The Table, Terminal 21 Asok","4.4","205","21 Sukhumvit Rd","Watthana","Bangkok","TH","http://onthetabletokyocafe.com/","+66 80 386 3991","Western restaurant",,,,,,,,,,"https://www.google.com/maps/search/?api=1&query=On%20The%20Table%2C%20Terminal%2021%20Asok&query_place_id=ChIJXzl8y8uf4jAR_AaEd5aMO3o","Western restaurant"
"หม้อซุป ก๋วยจั๊บญวน อโศก MoreSoup Signature Noodle Asoke","5","24","Sukhumvit 21 Rd","Watthana","Bangkok","TH","https://app.papaya.co.th/moresoup-signature-noodle/channel/f01oa","+66 98 836 8197","Restaurant",,,,,,,,,,"https://www.google.com/maps/search/?api=1&query=%E0%B8%AB%E0%B8%A1%E0%B9%89%E0%B8%AD%E0%B8%8B%E0%B8%B8%E0%B8%9B%20%E0%B8%81%E0%B9%8B%E0%B8%A7%E0%B8%A2%E0%B8%88%E0%B8%B1%E0%B9%8A%E0%B8%9A%E0%B8%8D%E0%B8%A7%E0%B8%99%20%E0%B8%AD%E0%B9%82%E0%B8%A8%E0%B8%81%20MoreSoup%20Signature%20Noodle%20Asoke&query_place_id=ChIJRfYkUNGf4jARCFJ_GvCmqtQ","Restaurant"
"Kenshin Izakaya Asok","4.3","1694","155 Asok Montri Rd","Watthana","Bangkok","TH","https://www.facebook.com/KenshinIzakaya/","+66 2 661 6202","Izakaya restaurant",,,,,,,,,,"https://www.google.com/maps/search/?api=1&query=Kenshin%20Izakaya%20Asok&query_place_id=ChIJRbk96-Se4jAR_aE0uywzTRM","Izakaya restaurant"
"Gen Japanese Charcoal Grill & Bar","4.6","172","7 Soi Sukhumvit 25","Watthana","Bangkok","TH","https://gen-japanese-charcoal-grill.com/jp/asok/","+66 2 258 5079","Japanese restaurant","Restaurant",,,,,,,,,"https://www.google.com/maps/search/?api=1&query=Gen%20Japanese%20Charcoal%20Grill%20%26%20Bar&query_place_id=ChIJAxb2MMKf4jAR2Aphl63O4TI","Japanese restaurant"
"Moom Muum Park","4.6","1007","21 Soi Sukhumvit 19","Watthana","Bangkok","TH","http://facebook.com/MoommuumPark","","Restaurant",,,,,,,,,,"https://www.google.com/maps/search/?api=1&query=Moom%20Muum%20Park&query_place_id=ChIJ9eldoOOe4jARRJaLaYbcXZI","Restaurant"
"Indique- Best indian food in bangkok","4.9","4063","near Terminal 21, 54Sukhumvit, Soi Sukhumvit 19","Watthana","Bangkok","TH","https://indiqueindianfood.com/","+66 95 706 7494","Indian restaurant","Asian restaurant","Bar","Cocktail bar","Halal restaurant","Non vegetarian restaurant","North Eastern Indian restaurant","Restaurant","Vegetarian restaurant",,"https://www.google.com/maps/search/?api=1&query=Indique-%20Best%20indian%20food%20in%20bangkok&query_place_id=ChIJW6dD4QKf4jAR-x-CiXYXo_I","Indian restaurant"
"ASOK PETHOUSE CAT CAFE","4.7","1547","2FL, P. S. Tower Building, 36/18 Sukhumvit 21 Rd","Watthana","Bangkok","TH","http://www.asokpethouse.com/","+66 90 228 2924","Cat cafe","Breakfast restaurant","Cafe","Lunch restaurant",,,,,,,"https://www.google.com/maps/search/?api=1&query=ASOK%20PETHOUSE%20CAT%20CAFE&query_place_id=ChIJD-fYAfCf4jARNfOfSo_aAo4","Cat cafe"
"El Gaucho Sukhumvit Soi 19","4.4","3821","8 Sukhumvit 19 Alley","Watthana","Bangkok","TH","https://elgaucho.asia/","+66 2 255 2864","Steak house","Grill","Bar","Caterer","Event venue","Family restaurant","Lunch restaurant","Restaurant","Wine bar","Wine store","https://www.google.com/maps/search/?api=1&query=El%20Gaucho%20Sukhumvit%20Soi%2019&query_place_id=ChIJawNSmOOe4jARQHZhlWwGK_o","Steak house"
"Snax Burgers & More","4.7","119","99 Asok Montri Rd","Watthana","Bangkok","TH","https://www.instagram.com/snaxburgers","+66 97 999 5358","Hamburger restaurant","Sandwich shop",,,,,,,,,"https://www.google.com/maps/search/?api=1&query=Snax%20Burgers%20%26%20More&query_place_id=ChIJD7LFLgCf4jARinPPU65tbqI","Hamburger restaurant"
"Snoop's Joint","4.9","425","44, 32-31 Sukhumvit 21 Rd","Watthana","Bangkok","TH","https://linktr.ee/snoopsjoint.bkk","+66 94 282 3695","Vegetarian restaurant","Vegan restaurant",,,,,,,,,"https://www.google.com/maps/search/?api=1&query=Snoop's%20Joint&query_place_id=ChIJtfYNJkuf4jARv4oKlVUT7Yc","Vegetarian restaurant"
"Axis & Spin Rooftop Restaurant & Bar (38th floor)","4.8","1738","38th Floor 413 Sukhumvit Rd","Watthana","Bangkok","TH","https://montraj.com/continent-hotel/axis-and-spin-restaurant/","+66 2 686 7000","Bar","Cocktail bar","Fine dining restaurant","Lounge bar","Restaurant",,,,,,"https://www.google.com/maps/search/?api=1&query=Axis%20%26%20Spin%20Rooftop%20Restaurant%20%26%20Bar%20(38th%20floor)&query_place_id=ChIJFQlcIOOe4jARjPvJp7kSngI","Bar"
"สมยงตำซั่ว สุขุมวิท-อโศก","4.7","755","44/4 Sukhumvit 21 Rd","Watthana","Bangkok","TH","https://lin.ee/Lg258oV","+66 96 169 6269","Thai restaurant",,,,,,,,,,"https://www.google.com/maps/search/?api=1&query=%E0%B8%AA%E0%B8%A1%E0%B8%A2%E0%B8%87%E0%B8%95%E0%B8%B3%E0%B8%8B%E0%B8%B1%E0%B9%88%E0%B8%A7%20%E0%B8%AA%E0%B8%B8%E0%B8%82%E0%B8%B8%E0%B8%A1%E0%B8%A7%E0%B8%B4%E0%B8%97-%E0%B8%AD%E0%B9%82%E0%B8%A8%E0%B8%81&query_place_id=ChIJtyENWqaf4jARAqfMnRP3xQY","Thai restaurant"
"Have a Zeed by Steak Lao","4.1","1967","4th floor ,88","Watthana","Bangkok","TH","http://www.facebook.com/haveazeed","+66 2 108 0787","Thai restaurant","Restaurant",,,,,,,,,"https://www.google.com/maps/search/?api=1&query=Have%20a%20Zeed%20by%20Steak%20Lao&query_place_id=ChIJ9eldoOOe4jARMJiqUgk_9HA","Thai restaurant"
"Shakariki 432 ASOKE","4.5","1299","อาคารพี เอส ทาวเวอร์ 36/1-2 Sukhumvit 21 Rd","Watthana","Bangkok","TH","https://aroimaru.com/restaurants/shakariki432-asoke/","+66 2 664 0927","Izakaya restaurant","Japanese restaurant","Karaoke bar","Modern izakaya restaurant","Ramen restaurant","Restaurant","Sushi restaurant","Yakitori restaurant",,,"https://www.google.com/maps/search/?api=1&query=Shakariki%20432%20ASOKE&query_place_id=ChIJYTMe3OSe4jARDGRkvAw7SMc","Izakaya restaurant"
"Kung's Restaurant","4.8","79","116 Sukhumvit Alley 22","Khlong Toei","Bangkok","TH",,"+66 96 153 2945","Restaurant",,,,,,,,,,"https://www.google.com/maps/search/?api=1&query=Kung's%20Restaurant&query_place_id=ChIJ1ebqqWyf4jARmWb76MSJY6Y","Restaurant"
"Anan's kitchen Thai Restaurant","4.5","388","545 Sukhumvit Alley 22","Khlong Toei","Bangkok","TH","https://www.facebook.com/Anankitchen22","+66 86 336 7619","Thai restaurant",,,,,,,,,,"https://www.google.com/maps/search/?api=1&query=Anan's%20kitchen%20Thai%20Restaurant&query_place_id=ChIJQX37Yp2f4jAR80rpRq3f7FQ","Thai restaurant"
"Mr. Green Thai Food","4.7","200","PHJ8+G8J, Unnamed Road","Khlong Toei","Bangkok","TH",,"+66 86 466 6656","Restaurant",,,,,,,,,,"https://www.google.com/maps/search/?api=1&query=Mr.%20Green%20Thai%20Food&query_place_id=ChIJ8VfVzsuf4jARCJ-73HrTB2Q","Restaurant"
"Jarunee","4.3","459","650 Sukhumvit Rd","Khlong Toei","Bangkok","TH",,"","Thai restaurant",,,,,,,,,,"https://www.google.com/maps/search/?api=1&query=Jarunee&query_place_id=ChIJFw33Cuif4jARwa8jZPxwzsE","Thai restaurant"
"The Urban Deck Cafe Bistro & Bar","4.9","256","Sahai Place Building Parking Available, 49 Sukhumvit 24 Alley","Khlong Toei","Bangkok","TH","http://www.theurbandeck.com/","+66 82 040 6570","Restaurant",,,,,,,,,,"https://www.google.com/maps/search/?api=1&query=The%20Urban%20Deck%20Cafe%20Bistro%20%26%20Bar&query_place_id=ChIJ7xYYEQCf4jAReCiMcdnusp0","Restaurant"
"Shaloba Eatery","4.8","525","30, 1 ซอยเมธีนิเวศน์","Khlong Toei","Bangkok","TH","https://www.shaloba.com/shaloba-eatery/","+66 91 796 3136","Restaurant","Brunch restaurant","Cafe","Coffee shop","Western restaurant",,,,,,"https://www.google.com/maps/search/?api=1&query=Shaloba%20Eatery&query_place_id=ChIJHVDGK96f4jARbydPlvu0TOY","Restaurant"
"Nara Thai Cuisine EmQuartier","4.6","1682","621 Sukhumvit Rd","Watthana","Bangkok","TH","http://www.naracuisine.com/","+66 2 003 6258","Thai restaurant",,,,,,,,,,"https://www.google.com/maps/search/?api=1&query=Nara%20Thai%20Cuisine%20EmQuartier&query_place_id=ChIJp5w5igGf4jARGrpgX2bEYZM","Thai restaurant"
"The Laughing Tiger","4.8","482","593 17-18 Soi Sukhumvit 33/1","Watthana","Bangkok","TH","https://thelaughingtiger.squarespace.com/","+66 62 601 4950","Restaurant","Bar",,,,,,,,,"https://www.google.com/maps/search/?api=1&query=The%20Laughing%20Tiger&query_place_id=ChIJj_UrRIuf4jARMUXTdYNAkJk","Restaurant"
"Lobster Main Kitchen","4.6","175","714/7 Sukhumvit Rd","Khlong Toei","Bangkok","TH","https://www.lobstermainkitchen.com/","+66 94 896 5465","Italian restaurant",,,,,,,,,,"https://www.google.com/maps/search/?api=1&query=Lobster%20Main%20Kitchen&query_place_id=ChIJqZFhnUaf4jARG7tWK9JH-VA","Italian restaurant"
"Tapori","4.8","146","22 2 Sukhumvit 47 Alley","Watthana","Bangkok","TH","https://www.taporibkk.com/","+66 64 569 3798","Indian restaurant","Modern Indian restaurant","Restaurant",,,,,,,,"https://www.google.com/maps/search/?api=1&query=Tapori&query_place_id=ChIJ8ynAp7mf4jAR1d2faDTx7RA","Indian restaurant"
"Maison Philippe","4.7","133","st Floor, S101, 1, 161 Sukhumvit 39","Watthana","Bangkok","TH","https://maisonphilippebkk.com/","+66 2 123 8713","French restaurant","Restaurant",,,,,,,,,"https://www.google.com/maps/search/?api=1&query=Maison%20Philippe&query_place_id=ChIJrSEtZ-Cf4jAR1BxofIJGDHg","French restaurant"
"Peshwa Restaurant Bangkok","4.8","633","19/9 Sukhumvit 20 Alley","Khlong Toei","Bangkok","TH","http://peshwadubai.com/","","Marathi restaurant",,,,,,,,,,"https://www.google.com/maps/search/?api=1&query=Peshwa%20Restaurant%20Bangkok&query_place_id=ChIJxfM_VwCf4jARWT4MA1Fsvi8","Marathi restaurant"
"Holy Belly - Grill & Pasta","4.8","309","GM Floor, Empshere, Sukhumvit Rd","Khlong Toei","Bangkok","TH","https://www.holybellybangkok.com/","+66 61 020 4851","Restaurant",,,,,,,,,,"https://www.google.com/maps/search/?api=1&query=Holy%20Belly%20-%20Grill%20%26%20Pasta&query_place_id=ChIJmcOJ2uqf4jARfLcBygqOqY0","Restaurant"
"Khao yiphun","4.4","187","B104 UBC2 591, Sukhumvit 33 Alley","Watthana","Bangkok","TH","https://web.facebook.com/Khaoyiphun","+66 80 060 8830","Japanese restaurant",,,,,,,,,,"https://www.google.com/maps/search/?api=1&query=Khao%20yiphun&query_place_id=ChIJZRAZu0Sf4jARccr1AFdQAtk","Japanese restaurant"
"Indiagate Restaurant Sukhumvit Soi 47","4.9","2285","875 Sukhumvit Rd","Watthana","Bangkok","TH","https://indiagateth.com/","+66 92 821 7555","Indian restaurant","Buffet restaurant","Fine dining restaurant","Halal restaurant","Modern Indian restaurant","Non vegetarian restaurant","North Indian restaurant","Restaurant","Vegetarian restaurant",,"https://www.google.com/maps/search/?api=1&query=Indiagate%20Restaurant%20Sukhumvit%20Soi%2047&query_place_id=ChIJyxhwOMif4jARchQcbEShvfQ","Indian restaurant"
"Lovemetender Restaurant เลิฟมีเทนเดอร์ (สุขุมวิท31)","4.7","416","267/2 สุขุมวิท 31","Watthana","Bangkok","TH","https://lin.ee/SPthKco","+66 91 299 1978","Restaurant","European restaurant","French restaurant",,,,,,,,"https://www.google.com/maps/search/?api=1&query=Lovemetender%20Restaurant%20%E0%B9%80%E0%B8%A5%E0%B8%B4%E0%B8%9F%E0%B8%A1%E0%B8%B5%E0%B9%80%E0%B8%97%E0%B8%99%E0%B9%80%E0%B8%94%E0%B8%AD%E0%B8%A3%E0%B9%8C%20(%E0%B8%AA%E0%B8%B8%E0%B8%82%E0%B8%B8%E0%B8%A1%E0%B8%A7%E0%B8%B4%E0%B8%9731)&query_place_id=ChIJmyM4Ifie4jARhLFzfKSP5PE","Restaurant"
"LA PLANTE","4.6","268","AVORA31, 28 Sukhumvit 31","Watthana","Bangkok","TH","https://www.facebook.com/laplantebkk","+66 98 830 0063","French restaurant","Bistro","Breakfast restaurant","Brunch restaurant",,,,,,,"https://www.google.com/maps/search/?api=1&query=LA%20PLANTE&query_place_id=ChIJkQb2tXOf4jARhJdrACdo7c8","French restaurant"
"Sit and Wonder","4.5","1971","119 Ban Kluai Nuea Alley","Watthana","Bangkok","TH","https://www.sitandwonderbkk.com/","+66 61 198 9782","Thai restaurant","Restaurant",,,,,,,,,"https://www.google.com/maps/search/?api=1&query=Sit%20and%20Wonder&query_place_id=ChIJK2vw16if4jARNY3pRc4cfFw","Thai restaurant"
"ทองสิบ ข้าวต้ม & บาร์ Thong 10 - Thonglor","5","42","137/1 Soi Thong Lo 10","Watthana","Bangkok","TH","https://www.facebook.com/share/1BzsaogFNg/?mibextid=wwXIfr","+66 92 372 7288","Thai restaurant",,,,,,,,,,"https://www.google.com/maps/search/?api=1&query=%E0%B8%97%E0%B8%AD%E0%B8%87%E0%B8%AA%E0%B8%B4%E0%B8%9A%20%E0%B8%82%E0%B9%89%E0%B8%B2%E0%B8%A7%E0%B8%95%E0%B9%89%E0%B8%A1%20%26%20%E0%B8%9A%E0%B8%B2%E0%B8%A3%E0%B9%8C%20Thong%2010%20-%20Thonglor&query_place_id=ChIJictCMACf4jARR_Z-l5AIu9Q","Thai restaurant"
"D'ARK The Strand - Comfort Food & Specialty Coffee","4.4","413","36, 190 Thong Lo","Watthana","Bangkok","TH","https://www.darkoffee.com/","+66 2 030 1970","Restaurant",,,,,,,,,,"https://www.google.com/maps/search/?api=1&query=D'ARK%20The%20Strand%20-%20Comfort%20Food%20%26%20Specialty%20Coffee&query_place_id=ChIJE9TQHq6f4jARNDXnbExNvQM","Restaurant"
"PAY Thonglor","5","34","2nd Fl J Avenue Thonglor 323/1 Thong Lo","Watthana","Bangkok","TH",,"+66 92 037 6801","Restaurant",,,,,,,,,,"https://www.google.com/maps/search/?api=1&query=PAY%20Thonglor&query_place_id=ChIJkVlkQDef4jARHRku6JLsnCU","Restaurant"
"Tsuru Udon Thonglor | ซูรุอูด้ง ทองหล่อ","4.5","796","64 Thong Lo","Watthana","Bangkok","TH","https://www.tsuruudon.com/","+66 93 454 2882","Restaurant","Family restaurant","Japanese restaurant","Ramen restaurant","Soba noodle shop","Udon noodle restaurant",,,,,"https://www.google.com/maps/search/?api=1&query=Tsuru%20Udon%20Thonglor%20%7C%20%E0%B8%8B%E0%B8%B9%E0%B8%A3%E0%B8%B8%E0%B8%AD%E0%B8%B9%E0%B8%94%E0%B9%89%E0%B8%87%20%E0%B8%97%E0%B8%AD%E0%B8%87%E0%B8%AB%E0%B8%A5%E0%B9%88%E0%B8%AD&query_place_id=ChIJMVFBNMaf4jAR06nE3QNo-V0","Restaurant"
"อีหล่า อีสานกายะ ทองหล่อ (Era-izaan Kaya Thonglor)","4.7","865","187 Soi Sukhumvit 63","Watthana","Bangkok","TH","https://www.facebook.com/era.izaan","+66 83 898 7466","Izakaya restaurant","Live music bar",,,,,,,,,"https://www.google.com/maps/search/?api=1&query=%E0%B8%AD%E0%B8%B5%E0%B8%AB%E0%B8%A5%E0%B9%88%E0%B8%B2%20%E0%B8%AD%E0%B8%B5%E0%B8%AA%E0%B8%B2%E0%B8%99%E0%B8%81%E0%B8%B2%E0%B8%A2%E0%B8%B0%20%E0%B8%97%E0%B8%AD%E0%B8%87%E0%B8%AB%E0%B8%A5%E0%B9%88%E0%B8%AD%20(Era-izaan%20Kaya%20Thonglor)&query_place_id=ChIJd5ObZC-f4jARnQKOFsQbVHM","Izakaya restaurant"
"SAOLE.BANGKOK","4.3","208","11, 7 Thong Lo","Watthana","Bangkok","TH","https://www.instagram.com/saole.bangkok/?hl=en","+66 61 902 0523","Seafood restaurant",,,,,,,,,,"https://www.google.com/maps/search/?api=1&query=SAOLE.BANGKOK&query_place_id=ChIJlSvqtF2f4jARZQIAY5R2wzY","Seafood restaurant"
"Saphan 55","4.6","274","759 Sukhumvit Rd","Watthana","Bangkok","TH","http://www.saphan55.com/","+66 65 928 5558","Restaurant",,,,,,,,,,"https://www.google.com/maps/search/?api=1&query=Saphan%2055&query_place_id=ChIJaZDQPbWf4jARixR_JacwxxM","Restaurant"
"Fred Thonglor","4.5","86","64 Thong Lo","Watthana","Bangkok","TH","https://www.instagram.com/fred_breakfasttobar/","+66 97 194 5265","Restaurant",,,,,,,,,,"https://www.google.com/maps/search/?api=1&query=Fred%20Thonglor&query_place_id=ChIJsdXd8Aaf4jARTI1ITzjx_as","Restaurant"
"Thong Smith (Eight Thong Lo)","4.5","384","ร้านทองสมิทธ์ สาขา 8 Thonglor ชั้น G Thong Lo","Watthana","Bangkok","TH",,"+66 2 115 6660","Restaurant",,,,,,,,,,"https://www.google.com/maps/search/?api=1&query=Thong%20Smith%20(Eight%20Thong%20Lo)&query_place_id=ChIJm7ndEQ6f4jARCi2yk1BQyFM","Restaurant"
"BlueSpice Grande Centre Point Sukhumvit55","4.6","186","300 อาคารแกรนด์เซนเตอร์พอยท์ชั้น L,F Thong Lo","Watthana","Bangkok","TH",,"+66 2 042 8056","Buffet restaurant",,,,,,,,,,"https://www.google.com/maps/search/?api=1&query=BlueSpice%20Grande%20Centre%20Point%20Sukhumvit55&query_place_id=ChIJSZWUwU6f4jAREjsIUl7UcDA","Buffet restaurant"
"The Oasis","4.7","87","27 Thong Lo","Watthana","Bangkok","TH","http://www.nikkobangkok.com/","+66 2 080 2111","Buffet restaurant",,,,,,,,,,"https://www.google.com/maps/search/?api=1&query=The%20Oasis&query_place_id=ChIJfcuAau6f4jARfbSLCc2av3I","Buffet restaurant"
"Thonglor Ocha (Thai Cuisine)","4.6","46","ชั้น1 เลขที่2 Thong Lo","Watthana","Bangkok","TH",,"+66 83 989 7896","Thai restaurant",,,,,,,,,,"https://www.google.com/maps/search/?api=1&query=Thonglor%20Ocha%20(Thai%20Cuisine)&query_place_id=ChIJm_KHEVCf4jAR9F3m35pd7bo","Thai restaurant"
"SEE FAH (สีฟ้า) – Thonglor","4.4","512","2nd Floor 55 Thong Lo","Watthana","Bangkok","TH","http://www.seefah.com/","+66 64 142 1693","Thai restaurant","Chinese restaurant",,,,,,,,,"https://www.google.com/maps/search/?api=1&query=SEE%20FAH%20(%E0%B8%AA%E0%B8%B5%E0%B8%9F%E0%B9%89%E0%B8%B2)%20%E2%80%93%20Thonglor&query_place_id=ChIJ8aTnTKmf4jARBwzC66w43EQ","Thai restaurant"
"Met Cafe Bangkok","4.3","229","918 ซอยสุขุมวิท 55 (ซอยทองหล่อ) ถนนสุขุมวิท","Watthana","Bangkok","TH",,"+66 88 964 1989","Restaurant",,,,,,,,,,"https://www.google.com/maps/search/?api=1&query=Met%20Cafe%20Bangkok&query_place_id=ChIJg-o9k1Ge4jAR8FQvgSCS6fY","Restaurant"
"SHAKARICH","4.7","534","6-7, No.416, Thong Lo","Watthana","Bangkok","TH","https://shakariki432.com/brand/shakarich-outlet-th/shakariki-432-shakarich-th/","+66 2 045 4032","Japanese restaurant","Crab house","Eclectic restaurant","Japanized western restaurant","Meat dish restaurant","Sukiyaki and Shabu Shabu restaurant","Sushi restaurant","Tempura restaurant",,,"https://www.google.com/maps/search/?api=1&query=SHAKARICH&query_place_id=ChIJWY30I1Oe4jARlP_8fcdYYhw","Japanese restaurant"
"Tandoori junction Halal Indian Restaurant","4.8","867","3/F unit 302, Hotel Nikko, 27 Thong Lo","Watthana","Bangkok","TH","http://www.tandoorijunction.com.hk/","+66 93 260 0547","Halal restaurant","Restaurant",,,,,,,,,"https://www.google.com/maps/search/?api=1&query=Tandoori%20junction%20Halal%20Indian%20Restaurant&query_place_id=ChIJFTAF8Aif4jARHJJZgpTktsY","Halal restaurant"
